No.,Ref,Material 1,Formula,MagpieData mean Number,MagpieData range Number,MagpieData mean Electronegativity,MagpieData range Electronegativity,MagpieData mean MeltingT,MagpieData range MeltingT,MagpieData mean AtomicRadius,MagpieData range AtomicRadius,MagpieData mean AtomicVolume,MagpieData range AtomicVolume,MagpieData mean CovalentRadius,MagpieData range CovalentRadius,MagpieData mean ThermalConductivity,MagpieData range ThermalConductivity,MagpieData mean Density,MagpieData range Density,MagpieData mean FusionEnthalpy,MagpieData range FusionEnthalpy,MagpieData mean Row,MagpieData range Row,MagpieData mean Column,MagpieData range Column,size (nm),Shape,"Synthesis Method	",zeta potential,bacteria,gram stain,motility,Oxygen Requirement,Shape.1,Arrangement,duration,temperature,MIC (µg/mL)
1,https://doi.org/10.1016/j.saa.2012.12.083,TiO2,TiO2,12.67,14,2.81,1.9,683.53,1886.2,0.87,0.8,12400.68,18574.56,97.33,94,7.35,21.97,1503.29,4505.57,4.86,13.93,2.67,2,12,12,45,spherical,biosynthesis,0,A. hydrophila,0,1,Facultative anaerobe,Rod,Singles,24,37,25
2,,TiO2,TiO2,12.67,14,2.81,1.9,683.53,1886.2,0.87,0.8,12400.68,18574.56,97.33,94,7.35,21.97,1503.29,4505.57,4.86,13.93,2.67,2,12,12,45,spherical,biosynthesis,0,E. coli,0,1,Facultative anaerobe,Rod,Singles,24,37,20
3,,TiO2,TiO2,12.67,14,2.81,1.9,683.53,1886.2,0.87,0.8,12400.68,18574.56,97.33,94,7.35,21.97,1503.29,4505.57,4.86,13.93,2.67,2,12,12,45,spherical,biosynthesis,0,P. aeruginosa,0,1,Obligate aerobe,Rod,Singles,24,37,30
4,,TiO2,TiO2,12.67,14,2.81,1.9,683.53,1886.2,0.87,0.8,12400.68,18574.56,97.33,94,7.35,21.97,1503.29,4505.57,4.86,13.93,2.67,2,12,12,45,spherical,biosynthesis,0,S. pyogenes,1,0,Facultative anaerobe,Coccus,Chains,24,37,10
5,,TiO2,TiO2,12.67,14,2.81,1.9,683.53,1886.2,0.87,0.8,12400.68,18574.56,97.33,94,7.35,21.97,1503.29,4505.57,4.86,13.93,2.67,2,12,12,45,spherical,biosynthesis,0,S. aureus,1,0,Facultative anaerobe,Coccus,clusters,24,37,10
6,,TiO2,TiO2,12.67,14,2.81,1.9,683.53,1886.2,0.87,0.8,12400.68,18574.56,97.33,94,7.35,21.97,1503.29,4505.57,4.86,13.93,2.67,2,12,12,45,spherical,biosynthesis,0,E. faecalis,1,0,Facultative anaerobe,Coccus,Pairs,24,37,15
7,https://doi.org/10.1016/j.saa.2012.01.011,TiO2,TiO2,12.67,14,2.81,1.9,683.53,1886.2,0.87,0.8,12400.68,18574.56,97.33,94,7.35,21.97,1503.29,4505.57,4.86,13.93,2.67,2,12,12,67,spherical,biosynthesis,0,S. aureus,1,0,Facultative anaerobe,Coccus,clusters,24,37,40
8,,TiO2,TiO2,12.67,14,2.81,1.9,683.53,1886.2,0.87,0.8,12400.68,18574.56,97.33,94,7.35,21.97,1503.29,4505.57,4.86,13.93,2.67,2,12,12,67,spherical,biosynthesis,0,E. coli,0,1,Facultative anaerobe,Rod,Singles,24,37,40
9,,TiO2,TiO2,12.67,14,2.81,1.9,683.53,1886.2,0.87,0.8,12400.68,18574.56,97.33,94,7.35,21.97,1503.29,4505.57,4.86,13.93,2.67,2,12,12,67,spherical,biosynthesis,0,P. aeruginosa,0,1,Obligate aerobe,Rod,Singles,24,37,80
10,,TiO2,TiO2,12.67,14,2.81,1.9,683.53,1886.2,0.87,0.8,12400.68,18574.56,97.33,94,7.35,21.97,1503.29,4505.57,4.86,13.93,2.67,2,12,12,67,spherical,biosynthesis,0,K. pneumoniae,0,0,Facultative anaerobe,Rod,Singles,24,37,709
11,,TiO2,TiO2,12.67,14,2.81,1.9,683.53,1886.2,0.87,0.8,12400.68,18574.56,97.33,94,7.35,21.97,1503.29,4505.57,4.86,13.93,2.67,2,12,12,67,spherical,biosynthesis,0,B. subtilis,1,1,Facultative anaerobe,Rod,Chains,24,37,45
12,https://onlinelibrary.wiley.com/doi/epdf/10.1002/cbdv.202400724,ZnS,ZnS,23,14,2.12,0.93,540.52,304.32,1.18,0.35,21.19,11.96,113.5,17,60.1,119.8,4550,5180,4.39,5.35,3.5,1,14,4,3.63,irregular,chemical synthesis,1,E. faecalis,1,0,Facultative anaerobe,Coccus,Pairs,24,37,8
13,,ZnS,ZnS,23,14,2.12,0.93,540.52,304.32,1.18,0.35,21.19,11.96,113.5,17,60.1,119.8,4550,5180,4.39,5.35,3.5,1,14,4,3.63,irregular,chemical synthesis,1,S. aureus,1,0,Facultative anaerobe,Coccus,clusters,24,37,64
14,,ZnS,ZnS,23,14,2.12,0.93,540.52,304.32,1.18,0.35,21.19,11.96,113.5,17,60.1,119.8,4550,5180,4.39,5.35,3.5,1,14,4,3.63,irregular,chemical synthesis,1,P. aeruginosa ,0,1,Obligate aerobe,Rod,Singles,24,37,16
15,,ZnS,ZnS,23,14,2.12,0.93,540.52,304.32,1.18,0.35,21.19,11.96,113.5,17,60.1,119.8,4550,5180,4.39,5.35,3.5,1,14,4,3.63,irregular,chemical synthesis,1,E. coli,0,1,Facultative anaerobe,Rod,Singles,24,37,4
16,,ZnS,ZnS,23,14,2.12,0.93,540.52,304.32,1.18,0.35,21.19,11.96,113.5,17,60.1,119.8,4550,5180,4.39,5.35,3.5,1,14,4,3.63,irregular,chemical synthesis,0,S. enteritidis ,0,1,Facultative anaerobe,Rod,Singles,24,37,1
17,,ZnS,ZnS,23,14,2.12,0.93,540.52,304.32,1.18,0.35,21.19,11.96,113.5,17,60.1,119.8,4550,5180,4.39,5.35,3.5,1,14,4,3.63,irregular,chemical synthesis,1,K. pneumoniae,0,0,Facultative anaerobe,Rod,Singles,24,37,0.5
18,,ZnS,ZnS,23,14,2.12,0.93,540.52,304.32,1.18,0.35,21.19,11.96,113.5,17,60.1,119.8,4550,5180,4.39,5.35,3.5,1,14,4,3.63,irregular,chemical synthesis,1,A. baumannii,0,0,Obligate aerobe,Coccobacillus,Singles,24,37,32
19,,ZnS,ZnS,23,14,2.12,0.93,540.52,304.32,1.18,0.35,21.19,11.96,113.5,17,60.1,119.8,4550,5180,4.39,5.35,3.5,1,14,4,3.63,irregular,chemical synthesis,1,S. typhimurium,0,1,Facultative anaerobe,Rod,Singles,24,37,16
20,,ZnS,ZnS,23,14,2.12,0.93,540.52,304.32,1.18,0.35,21.19,11.96,113.5,17,60.1,119.8,4550,5180,4.39,5.35,3.5,1,14,4,3.63,irregular,chemical synthesis,1,C. albicans,1,0,Facultative anaerobe,Oval ,Singles,24,37,1
21,,ZnO-TOP (ZnO-Trioctylphosphine),ZnO,19,22,2.54,1.79,373.74,637.88,0.98,0.75,9303.7,18576.99,94,56,60.01,119.97,3570.71,7138.57,3.64,6.85,3,2,14,4,16.28,irregular,chemical synthesis,1,E. faecalis ,1,0,Facultative anaerobe,Coccus,Pairs,24,37,32
22,,ZnO-TOP,ZnO,19,22,2.54,1.79,373.74,637.88,0.98,0.75,9303.7,18576.99,94,56,60.01,119.97,3570.71,7138.57,3.64,6.85,3,2,14,4,16.28,irregular,chemical synthesis,1,S. aureus,1,0,Facultative anaerobe,Coccus,clusters,24,37,8
23,,ZnO-TOP,ZnO,19,22,2.54,1.79,373.74,637.88,0.98,0.75,9303.7,18576.99,94,56,60.01,119.97,3570.71,7138.57,3.64,6.85,3,2,14,4,16.28,irregular,chemical synthesis,1,P. aeruginosa,0,1,Obligate aerobe,Rod,Singles,24,37,4
24,,ZnO-TOP,ZnO,19,22,2.54,1.79,373.74,637.88,0.98,0.75,9303.7,18576.99,94,56,60.01,119.97,3570.71,7138.57,3.64,6.85,3,2,14,4,16.28,irregular,chemical synthesis,1,E. coli,0,1,Facultative anaerobe,Rod,Singles,24,37,8
25,,ZnO-TOP,ZnO,19,22,2.54,1.79,373.74,637.88,0.98,0.75,9303.7,18576.99,94,56,60.01,119.97,3570.71,7138.57,3.64,6.85,3,2,14,4,16.28,irregular,chemical synthesis,0,S. enteritidis ,0,1,Facultative anaerobe,Rod,Singles,24,37,16
26,,ZnO-TOP,ZnO,19,22,2.54,1.79,373.74,637.88,0.98,0.75,9303.7,18576.99,94,56,60.01,119.97,3570.71,7138.57,3.64,6.85,3,2,14,4,16.28,irregular,chemical synthesis,1,K. pneumoniae,0,0,Facultative anaerobe,Rod,Singles,24,37,1
27,,ZnO-TOP,ZnO,19,22,2.54,1.79,373.74,637.88,0.98,0.75,9303.7,18576.99,94,56,60.01,119.97,3570.71,7138.57,3.64,6.85,3,2,14,4,16.28,irregular,chemical synthesis,1,A. baumannii,0,0,Obligate aerobe,Coccobacillus,Singles,24,37,16
28,,ZnO-TOP,ZnO,19,22,2.54,1.79,373.74,637.88,0.98,0.75,9303.7,18576.99,94,56,60.01,119.97,3570.71,7138.57,3.64,6.85,3,2,14,4,16.28,irregular,chemical synthesis,1,Salmonella typhimurium,0,1,Facultative anaerobe,Rod,Singles,24,37,32
29,,ZnO-TOP,ZnO,19,22,2.54,1.79,373.74,637.88,0.98,0.75,9303.7,18576.99,94,56,60.01,119.97,3570.71,7138.57,3.64,6.85,3,2,14,4,16.28,irregular,chemical synthesis,1,C. albicans,1,0,Facultative anaerobe,Oval ,Singles,24,37,0.5
30,https://doi.org/10.1002/jbm.b.35197,Ð¡eO2,CeO2,24.67,50,2.67,2.32,393.53,1016.2,1.02,1.25,12406.39,18557.41,112,138,3.68,10.97,2230.62,6687.57,1.97,5.24,3.33,4,11.67,13,1.5,spherical,chemical synthesis,0,E. coli,0,1,Facultative anaerobe,Rod,Singles,24,37,128
31,,Ð¡eO2,CeO2,24.67,50,2.67,2.32,393.53,1016.2,1.02,1.25,12406.39,18557.41,112,138,3.68,10.97,2230.62,6687.57,1.97,5.24,3.33,4,11.67,13,1.5,spherical,chemical synthesis,0,P. aeruginosa,0,1,Obligate aerobe,Rod,Singles,24,37,256000
32,,Ð¡eO2,CeO2,24.67,50,2.67,2.32,393.53,1016.2,1.02,1.25,12406.39,18557.41,112,138,3.68,10.97,2230.62,6687.57,1.97,5.24,3.33,4,11.67,13,1.5,spherical,chemical synthesis,0,L. pneumophilia subsp. pneumophila,0,1,Obligate aerobe,Rod,Singles,24,37,256000
33,,Ð¡eO2,CeO2,24.67,50,2.67,2.32,393.53,1016.2,1.02,1.25,12406.39,18557.41,112,138,3.68,10.97,2230.62,6687.57,1.97,5.24,3.33,4,11.67,13,1.5,spherical,chemical synthesis,0,E. hirae,1,0,Facultative anaerobe,Coccus,Pairs,24,37,128000
34,,Ð¡eO2,CeO2,24.67,50,2.67,2.32,393.53,1016.2,1.02,1.25,12406.39,18557.41,112,138,3.68,10.97,2230.62,6687.57,1.97,5.24,3.33,4,11.67,13,1.5,spherical,chemical synthesis,0,E. fecalis,1,0,Facultative anaerobe,Coccus,Pairs,24,37,128000
35,,Ð¡eO2,CeO2,24.67,50,2.67,2.32,393.53,1016.2,1.02,1.25,12406.39,18557.41,112,138,3.68,10.97,2230.62,6687.57,1.97,5.24,3.33,4,11.67,13,1.5,spherical,chemical synthesis,0,S. aureus,1,0,Facultative anaerobe,Coccus,clusters,24,37,128000
36,,Ð¡eO2,CeO2,24.67,50,2.67,2.32,393.53,1016.2,1.02,1.25,12406.39,18557.41,112,138,3.68,10.97,2230.62,6687.57,1.97,5.24,3.33,4,11.67,13,1.5,spherical,chemical synthesis,0,C. parapisilosis,1,0,Facultative anaerobe,Oval ,Singles,24,37,256000
37,,Ð¡eO2,CeO2,24.67,50,2.67,2.32,393.53,1016.2,1.02,1.25,12406.39,18557.41,112,138,3.68,10.97,2230.62,6687.57,1.97,5.24,3.33,4,11.67,13,1.5,spherical,chemical synthesis,0,C. tropicalis,1,0,Facultative anaerobe,Oval ,Singles,24,37,256000
38,,Ð¡eO2,CeO2,24.67,50,2.67,2.32,393.53,1016.2,1.02,1.25,12406.39,18557.41,112,138,3.68,10.97,2230.62,6687.57,1.97,5.24,3.33,4,11.67,13,11,spherical,chemical synthesis,0,E. coli,0,1,Facultative anaerobe,Rod,Singles,24,37,128000
39,,Ð¡eO2,CeO2,24.67,50,2.67,2.32,393.53,1016.2,1.02,1.25,12406.39,18557.41,112,138,3.68,10.97,2230.62,6687.57,1.97,5.24,3.33,4,11.67,13,11,spherical,chemical synthesis,0,P. aeruginosa,0,1,Obligate aerobe,Rod,Singles,24,37,256000
40,,Ð¡eO2,CeO2,24.67,50,2.67,2.32,393.53,1016.2,1.02,1.25,12406.39,18557.41,112,138,3.68,10.97,2230.62,6687.57,1.97,5.24,3.33,4,11.67,13,11,spherical,chemical synthesis,0,L. pneumophilia subsp. pneumophila,0,1,Obligate aerobe,Rod,Singles,24,37,256000
41,,Ð¡eO2,CeO2,24.67,50,2.67,2.32,393.53,1016.2,1.02,1.25,12406.39,18557.41,112,138,3.68,10.97,2230.62,6687.57,1.97,5.24,3.33,4,11.67,13,11,spherical,chemical synthesis,0,E. hirae,1,0,Facultative anaerobe,Coccus,Pairs,24,37,128000
42,,Ð¡eO2,CeO2,24.67,50,2.67,2.32,393.53,1016.2,1.02,1.25,12406.39,18557.41,112,138,3.68,10.97,2230.62,6687.57,1.97,5.24,3.33,4,11.67,13,11,spherical,chemical synthesis,0,E. fecalis,1,0,Facultative anaerobe,Coccus,Pairs,24,37,256000
43,,Ð¡eO2,CeO2,24.67,50,2.67,2.32,393.53,1016.2,1.02,1.25,12406.39,18557.41,112,138,3.68,10.97,2230.62,6687.57,1.97,5.24,3.33,4,11.67,13,11,spherical,chemical synthesis,0,S. aureus,1,0,Facultative anaerobe,Coccus,clusters,24,37,256000
44,,Ð¡eO2,CeO2,24.67,50,2.67,2.32,393.53,1016.2,1.02,1.25,12406.39,18557.41,112,138,3.68,10.97,2230.62,6687.57,1.97,5.24,3.33,4,11.67,13,11,spherical,chemical synthesis,0,C. parapisilosis,1,0,Facultative anaerobe,Oval ,Singles,24,37,256000
45,,Ð¡eO2,CeO2,24.67,50,2.67,2.32,393.53,1016.2,1.02,1.25,12406.39,18557.41,112,138,3.68,10.97,2230.62,6687.57,1.97,5.24,3.33,4,11.67,13,11,spherical,chemical synthesis,0,C. tropicalis,1,0,Facultative anaerobe,Oval ,Singles,24,37,256000
46,https://pubs.acs.org/doi/10.1021/acsabm.3c00090,CuSe,CuSe,31.5,5,2.22,0.65,925.88,863.77,1.25,0.2,19.52,15.38,126,12,200.26,399.48,6869.5,4101,10.14,6.91,4,0,13.5,5,12,spherical,chemical synthesis,0,S. aureus,1,0,Facultative anaerobe,Coccus,clusters,24,37,2.5
47,,CuSe,CuSe,31.5,5,2.22,0.65,925.88,863.77,1.25,0.2,19.52,15.38,126,12,200.26,399.48,6869.5,4101,10.14,6.91,4,0,13.5,5,12,spherical,chemical synthesis,0,P. aeruginosa,0,1,Obligate aerobe,Rod,Singles,24,37,3.75
48,,CuSe,CuSe,31.5,5,2.22,0.65,925.88,863.77,1.25,0.2,19.52,15.38,126,12,200.26,399.48,6869.5,4101,10.14,6.91,4,0,13.5,5,12,spherical,chemical synthesis,0,P. vulgaris,0,1,Facultative anaerobe,Rod,Singles,24,37,5
49,,CuSe,CuSe,31.5,5,2.22,0.65,925.88,863.77,1.25,0.2,19.52,15.38,126,12,200.26,399.48,6869.5,4101,10.14,6.91,4,0,13.5,5,12,spherical,chemical synthesis,0,E. aerogenes,0,1,Facultative anaerobe,Rod,Singles,24,37,0.625
50,,CuSe,CuSe,31.5,5,2.22,0.65,925.88,863.77,1.25,0.2,19.52,15.38,126,12,200.26,399.48,6869.5,4101,10.14,6.91,4,0,13.5,5,12,spherical,chemical synthesis,0,E. coli,0,1,Facultative anaerobe,Rod,Singles,24,37,5
51,10.1088/1748-605X/acd03f,Ag,Ag,47,0,1.93,0,1234.93,0,1.6,0,17.08,0,145,0,430,0,10490,0,11.3,0,5,0,11,0,80,spherical,chemical synthesis,0,S. aureus,1,0,Facultative anaerobe,Coccus,clusters,24,37,625
52,,Ag,Ag,47,0,1.93,0,1234.93,0,1.6,0,17.08,0,145,0,430,0,10490,0,11.3,0,5,0,11,0,80,spherical,chemical synthesis,0,E. coli,0,1,Facultative anaerobe,Rod,Singles,24,37,1260
53,,Co,Co,27,0,1.88,0,1768,0,1.35,0,11,0,126,0,100,0,8900,0,16.2,0,4,0,9,0,28,spherical,chemical synthesis,0,S. aureus,1,0,Facultative anaerobe,Coccus,clusters,24,37,5000
54,,Co,Co,27,0,1.88,0,1768,0,1.35,0,11,0,126,0,100,0,8900,0,16.2,0,4,0,9,0,28,spherical,chemical synthesis,0,E. coli,0,1,Facultative anaerobe,Rod,Singles,24,37,5000
55,,Cu,Cu,29,0,1.9,0,1357.77,0,1.35,0,11.83,0,132,0,400,0,8920,0,13.6,0,4,0,11,0,65,spherical,chemical synthesis,0,S. aureus,1,0,Facultative anaerobe,Coccus,clusters,24,37,1250
56,,Cu,Cu,29,0,1.9,0,1357.77,0,1.35,0,11.83,0,132,0,400,0,8920,0,13.6,0,4,0,11,0,65,spherical,chemical synthesis,0,E. coli,0,1,Facultative anaerobe,Rod,Singles,24,37,1250
57,,Zn,Zn,30,0,1.65,0,692.68,0,1.35,0,15.21,0,122,0,120,0,7140,0,7.07,0,4,0,12,0,80,spherical,chemical synthesis,0,S. aureus,1,0,Facultative anaerobe,Coccus,clusters,24,37,625
58,,Zn,Zn,30,0,1.65,0,692.68,0,1.35,0,15.21,0,122,0,120,0,7140,0,7.07,0,4,0,12,0,80,spherical,chemical synthesis,0,E. coli,0,1,Facultative anaerobe,Rod,Singles,24,37,1250
59,10.1007/s12088-013-0437-5,Ag,Ag,47,0,1.93,0,1234.93,0,1.6,0,17.08,0,145,0,430,0,10490,0,11.3,0,5,0,11,0,22.5,spherical,Green synthesis ,0,A. hydrophila,0,1,Facultative anaerobe,Rod,Singles,24,37,250
60,,Ag,Ag,47,0,1.93,0,1234.93,0,1.6,0,17.08,0,145,0,430,0,10490,0,11.3,0,5,0,11,0,22.5,spherical,Green synthesis ,0,A. bestiarum,0,1,Facultative anaerobe,Rod,Singles,24,37,312
61,,Ag,Ag,47,0,1.93,0,1234.93,0,1.6,0,17.08,0,145,0,430,0,10490,0,11.3,0,5,0,11,0,22.5,spherical,Green synthesis ,0,P. fluorescens,0,1,Obligate aerobe,Rod,Singles,24,37,180
62,,Ag,Ag,47,0,1.93,0,1234.93,0,1.6,0,17.08,0,145,0,430,0,10490,0,11.3,0,5,0,11,0,22.5,spherical,Green synthesis ,0,E. tarda,0,1,Facultative anaerobe,Rod,Singles,24,37,124
63,,Au,Au,79,0,2.54,0,1337.33,0,1.35,0,16.95,0,136,0,320,0,19300,0,12.55,0,6,0,11,0,22.5,spherical,Green synthesis ,1,A. bestiarum,0,1,Facultative anaerobe,Rod,Singles,24,37,294
64,,Au,Au,79,0,2.54,0,1337.33,0,1.35,0,16.95,0,136,0,320,0,19300,0,12.55,0,6,0,11,0,22.5,spherical,Green synthesis ,1,P. fluorescens,0,1,Obligate aerobe,Rod,Singles,24,37,386
65,https://doi.org/10.1016/j.jrras.2015.10.002,Ag,Ag,47,0,1.93,0,1234.93,0,1.6,0,17.08,0,145,0,430,0,10490,0,11.3,0,5,0,11,0,25,spherical,Green synthesis ,0,B. cereus,1,1,Facultative anaerobe,Rod,Chains,24,37,284
66,,Ag,Ag,47,0,1.93,0,1234.93,0,1.6,0,17.08,0,145,0,430,0,10490,0,11.3,0,5,0,11,0,25,spherical,Green synthesis ,0,B. subtilis,1,1,Facultative anaerobe,Rod,Chains,24,37,376
67,https://doi.org/10.1515/ntrev-2016-0064,Au,Au,79,0,2.54,0,1337.33,0,1.35,0,16.95,0,136,0,320,0,19300,0,12.55,0,6,0,11,0,10,spherical,Green synthesis ,1,E. coli ,0,1,Facultative anaerobe,Rod,Singles,24,37,50.99
68,,Au,Au,79,0,2.54,0,1337.33,0,1.35,0,16.95,0,136,0,320,0,19300,0,12.55,0,6,0,11,0,10,spherical,Green synthesis ,1,S. aureus,1,0,Facultative anaerobe,Coccus,clusters,24,37,198.2
69,https://link.springer.com/article/10.1007/s13204-015-0460-4,Au,Au,79,0,2.54,0,1337.33,0,1.35,0,16.95,0,136,0,320,0,19300,0,12.55,0,6,0,11,0,17,spherical,Green synthesis ,0,S. aureus ,1,0,Facultative anaerobe,Coccus,clusters,24,37,25
70,,Au,Au,79,0,2.54,0,1337.33,0,1.35,0,16.95,0,136,0,320,0,19300,0,12.55,0,6,0,11,0,17,spherical,Green synthesis ,0,K. pneumoniae,0,0,Facultative anaerobe,Rod,Singles,24,37,50
71,https://pubs.rsc.org/en/content/articlelanding/2015/ra/c4ra12784f,ZnO,ZnO,19,22,2.54,1.79,373.74,637.88,0.98,0.75,9303.7,18576.99,94,56,60.01,119.97,3570.71,7138.57,3.64,6.85,3,2,14,4,55,rod,Green synthesis ,0,E. coli ,0,1,Facultative anaerobe,Rod,Singles,24,37,24
72,,ZnO,ZnO,19,22,2.54,1.79,373.74,637.88,0.98,0.75,9303.7,18576.99,94,56,60.01,119.97,3570.71,7138.57,3.64,6.85,3,2,14,4,55,rod,Green synthesis ,0,S. aureus,1,0,Facultative anaerobe,Coccus,clusters,24,37,50
73,https://doi.org/10.1016/j.jallcom.2021.163073,Au,Au,79,0,2.54,0,1337.33,0,1.35,0,16.95,0,136,0,320,0,19300,0,12.55,0,6,0,11,0,10,spherical,chemical synthesis,0,S. aureus,1,0,Facultative anaerobe,Coccus,clusters,24,37,125
74,,Au,Au,79,0,2.54,0,1337.33,0,1.35,0,16.95,0,136,0,320,0,19300,0,12.55,0,6,0,11,0,10,spherical,chemical synthesis,0,E. faecalis,1,0,Facultative anaerobe,Coccus,Pairs,24,37,62.5
75,,Au,Au,79,0,2.54,0,1337.33,0,1.35,0,16.95,0,136,0,320,0,19300,0,12.55,0,6,0,11,0,10,spherical,chemical synthesis,0,S. typhi,0,1,Facultative anaerobe,Rod,Singles,24,37,125
76,,Au,Au,79,0,2.54,0,1337.33,0,1.35,0,16.95,0,136,0,320,0,19300,0,12.55,0,6,0,11,0,10,spherical,chemical synthesis,0,E. coli,0,1,Facultative anaerobe,Rod,Singles,24,37,62.5
77,,Au/Pt,AuPt,78.5,1,2.41,0.26,1689.36,704.07,1.35,0,16.15,1.59,136,0,196,248,20195,1790,17.36,9.62,6,0,10.5,1,15,spherical,chemical synthesis,0,S. aureus,1,0,Facultative anaerobe,Coccus,clusters,24,37,125
78,,Au/Pt,AuPt,78.5,1,2.41,0.26,1689.36,704.07,1.35,0,16.15,1.59,136,0,196,248,20195,1790,17.36,9.62,6,0,10.5,1,15,spherical,chemical synthesis,0,E. faecalis,1,0,Facultative anaerobe,Coccus,Pairs,24,37,31.25
79,,Au/Pt,AuPt,78.5,1,2.41,0.26,1689.36,704.07,1.35,0,16.15,1.59,136,0,196,248,20195,1790,17.36,9.62,6,0,10.5,1,15,spherical,chemical synthesis,0,S. typhi,0,1,Facultative anaerobe,Rod,Singles,24,37,62.5
80,,Au/Pt,AuPt,78.5,1,2.41,0.26,1689.36,704.07,1.35,0,16.15,1.59,136,0,196,248,20195,1790,17.36,9.62,6,0,10.5,1,15,spherical,chemical synthesis,0,E. coli,0,1,Facultative anaerobe,Rod,Singles,24,37,31.25
81,,Au/Pt/Cu,AuPtCu,62,50,2.24,0.64,1578.83,704.07,1.35,0,14.71,5.12,134.67,4,264,328,16436.67,12170,16.11,9.62,5.33,2,10.67,1,6.5,spherical,chemical synthesis,0,S. aureus,1,0,Facultative anaerobe,Coccus,clusters,24,37,62.5
82,,Au/Pt/Cu,AuPtCu,62,50,2.24,0.64,1578.83,704.07,1.35,0,14.71,5.12,134.67,4,264,328,16436.67,12170,16.11,9.62,5.33,2,10.67,1,6.5,spherical,chemical synthesis,0,E. faecalis,1,0,Facultative anaerobe,Coccus,Pairs,24,37,31.25
83,,Au/Pt/Cu,AuPtCu,62,50,2.24,0.64,1578.83,704.07,1.35,0,14.71,5.12,134.67,4,264,328,16436.67,12170,16.11,9.62,5.33,2,10.67,1,6.5,spherical,chemical synthesis,0,S. typhi,0,1,Facultative anaerobe,Rod,Singles,24,37,31.25
84,,Au/Pt/Cu,AuPtCu,62,50,2.24,0.64,1578.83,704.07,1.35,0,14.71,5.12,134.67,4,264,328,16436.67,12170,16.11,9.62,5.33,2,10.67,1,6.5,spherical,chemical synthesis,0,E. coli,0,1,Facultative anaerobe,Rod,Singles,24,37,15.63
85,10.1038/s41598-020-73497-z,Cu2O,Cu2O,22,21,2.41,1.54,923.45,1302.97,1.1,0.75,6205.29,18580.37,110,66,266.68,399.97,5947.14,8918.57,9.14,13.38,3.33,2,12.67,5,22.6,irregular,chemical synthesis,0,P. aeruginosa,0,1,Obligate aerobe,Rod,Singles,24,37,125
86,,Cu2O,Cu2O,22,21,2.41,1.54,923.45,1302.97,1.1,0.75,6205.29,18580.37,110,66,266.68,399.97,5947.14,8918.57,9.14,13.38,3.33,2,12.67,5,22.6,irregular,chemical synthesis,0,B. subtilis,1,1,Facultative anaerobe,Rod,Chains,24,37,125
87,10.1007/s42770-022-00868-1,Ag,Ag,47,0,1.93,0,1234.93,0,1.6,0,17.08,0,145,0,430,0,10490,0,11.3,0,5,0,11,0,6.2,spherical,Green synthesis ,0,S. enteritidis ,0,1,Facultative anaerobe,Rod,Singles,24,37,19.5
88,,TiO2,TiO2,12.67,14,2.81,1.9,683.53,1886.2,0.87,0.8,12400.68,18574.56,97.33,94,7.35,21.97,1503.29,4505.57,4.86,13.93,2.67,2,12,12,92.6,irregular,Green synthesis ,0,E. coli,0,1,Facultative anaerobe,Rod,Singles,24,37,40
89,,TiO2,TiO2,12.67,14,2.81,1.9,683.53,1886.2,0.87,0.8,12400.68,18574.56,97.33,94,7.35,21.97,1503.29,4505.57,4.86,13.93,2.67,2,12,12,92.6,irregular,Green synthesis ,0,S. aureus,1,0,Facultative anaerobe,Coccus,clusters,24,37,20
90,,TiO2,TiO2,12.67,14,2.81,1.9,683.53,1886.2,0.87,0.8,12400.68,18574.56,97.33,94,7.35,21.97,1503.29,4505.57,4.86,13.93,2.67,2,12,12,92.6,irregular,Green synthesis ,0,S. marcescens,0,1,Facultative anaerobe,Rod,Chains,24,37,4
91,,Ag,Ag,47,0,1.93,0,1234.93,0,1.6,0,17.08,0,145,0,430,0,10490,0,11.3,0,5,0,11,0,10.7,spherical,Green synthesis ,0,S. marcescens,0,1,Facultative anaerobe,Rod,Chains,24,37,4
92,,Cu,Cu,29,0,1.9,0,1357.77,0,1.35,0,11.83,0,132,0,400,0,8920,0,13.6,0,4,0,11,0,35.4,irregular,Green synthesis ,0,S. marcescens,0,1,Facultative anaerobe,Rod,Chains,24,37,10
93,,TiO2,TiO2,12.67,14,2.81,1.9,683.53,1886.2,0.87,0.8,12400.68,18574.56,97.33,94,7.35,21.97,1503.29,4505.57,4.86,13.93,2.67,2,12,12,92.6,irregular,Green synthesis ,0,S. epidermidis,1,0,Facultative anaerobe,Coccus,clusters,24,37,4
94,,Ag,Ag,47,0,1.93,0,1234.93,0,1.6,0,17.08,0,145,0,430,0,10490,0,11.3,0,5,0,11,0,10.7,spherical,Green synthesis ,0,S. epidermidis,1,0,Facultative anaerobe,Coccus,clusters,24,37,4
95,,Cu,Cu,29,0,1.9,0,1357.77,0,1.35,0,11.83,0,132,0,400,0,8920,0,13.6,0,4,0,11,0,35.4,irregular,Green synthesis ,0,S. epidermidis,1,0,Facultative anaerobe,Coccus,clusters,24,37,4
96,,Ag,Ag,47,0,1.93,0,1234.93,0,1.6,0,17.08,0,145,0,430,0,10490,0,11.3,0,5,0,11,0,10.7,spherical,Green synthesis ,0,E. coli,0,1,Facultative anaerobe,Rod,Singles,24,37,40
97,,Cu,Cu,29,0,1.9,0,1357.77,0,1.35,0,11.83,0,132,0,400,0,8920,0,13.6,0,4,0,11,0,35.4,irregular,Green synthesis ,0,E. coli,0,1,Facultative anaerobe,Rod,Singles,24,37,140
98,10.14202/vetworld.2023.1301-1311,Ag,Ag,47,0,1.93,0,1234.93,0,1.6,0,17.08,0,145,0,430,0,10490,0,11.3,0,5,0,11,0,66.6,spherical,Green synthesis ,0,A. xylosoxidans,0,1,Obligate aerobe,Rod,Singles,24,37,64
99,,Ag,Ag,47,0,1.93,0,1234.93,0,1.6,0,17.08,0,145,0,430,0,10490,0,11.3,0,5,0,11,0,66.6,spherical,Green synthesis ,0,C. freundii,0,1,Facultative anaerobe,Rod,Singles,24,37,32
100,,Ag,Ag,47,0,1.93,0,1234.93,0,1.6,0,17.08,0,145,0,430,0,10490,0,11.3,0,5,0,11,0,66.6,spherical,Green synthesis ,0,E. coli,0,1,Facultative anaerobe,Rod,Singles,24,37,128
101,,Ag,Ag,47,0,1.93,0,1234.93,0,1.6,0,17.08,0,145,0,430,0,10490,0,11.3,0,5,0,11,0,66.6,spherical,Green synthesis ,0,K. oxytoca,0,0,Facultative anaerobe,Rod,Pairs,24,37,32
102,,Ag,Ag,47,0,1.93,0,1234.93,0,1.6,0,17.08,0,145,0,430,0,10490,0,11.3,0,5,0,11,0,66.6,spherical,Green synthesis ,0,M. catarrhalis,0,0,Obligate aerobe,Coccus,Pairs,24,37,16
103,,Ag,Ag,47,0,1.93,0,1234.93,0,1.6,0,17.08,0,145,0,430,0,10490,0,11.3,0,5,0,11,0,66.6,spherical,Green synthesis ,0,M. morganii,0,1,Facultative anaerobe,Rod,Singles,24,37,64
104,,Ag,Ag,47,0,1.93,0,1234.93,0,1.6,0,17.08,0,145,0,430,0,10490,0,11.3,0,5,0,11,0,66.6,spherical,Green synthesis ,0,P. aeruginosa,0,1,Obligate aerobe,Rod,Singles,24,37,16
105,,Ag,Ag,47,0,1.93,0,1234.93,0,1.6,0,17.08,0,145,0,430,0,10490,0,11.3,0,5,0,11,0,59.5,spherical,Green synthesis ,0,A. xylosoxidans,0,1,Obligate aerobe,Rod,Singles,24,37,16
106,,Ag,Ag,47,0,1.93,0,1234.93,0,1.6,0,17.08,0,145,0,430,0,10490,0,11.3,0,5,0,11,0,59.5,spherical,Green synthesis ,0,C. freundii,0,1,Facultative anaerobe,Rod,Singles,24,37,8
107,,Ag,Ag,47,0,1.93,0,1234.93,0,1.6,0,17.08,0,145,0,430,0,10490,0,11.3,0,5,0,11,0,59.5,spherical,Green synthesis ,0,E. coli,0,1,Facultative anaerobe,Rod,Singles,24,37,32
108,,Ag,Ag,47,0,1.93,0,1234.93,0,1.6,0,17.08,0,145,0,430,0,10490,0,11.3,0,5,0,11,0,59.5,spherical,Green synthesis ,0,K. oxytoca,0,0,Facultative anaerobe,Rod,Pairs,24,37,16
109,,Ag,Ag,47,0,1.93,0,1234.93,0,1.6,0,17.08,0,145,0,430,0,10490,0,11.3,0,5,0,11,0,59.5,spherical,Green synthesis ,0,M. catarrhalis,0,0,Obligate aerobe,Coccus,Pairs,24,37,16
110,,Ag,Ag,47,0,1.93,0,1234.93,0,1.6,0,17.08,0,145,0,430,0,10490,0,11.3,0,5,0,11,0,59.5,spherical,Green synthesis ,0,M. morganii,0,1,Facultative anaerobe,Rod,Singles,24,37,8
111,,Ag,Ag,47,0,1.93,0,1234.93,0,1.6,0,17.08,0,145,0,430,0,10490,0,11.3,0,5,0,11,0,59.5,spherical,Green synthesis ,0,P. aeruginosa,0,1,Obligate aerobe,Rod,Singles,24,37,64
112,https://doi.org/10.3390/antibiotics12020201,Ag,Ag,47,0,1.93,0,1234.93,0,1.6,0,17.08,0,145,0,430,0,10490,0,11.3,0,5,0,11,0,14.2,spherical,chemical synthesis,0,E. coli,0,1,Facultative anaerobe,Rod,Singles,24,37,21.25
113,,Ag,Ag,47,0,1.93,0,1234.93,0,1.6,0,17.08,0,145,0,430,0,10490,0,11.3,0,5,0,11,0,14.2,spherical,chemical synthesis,0,S. aureus,1,0,Facultative anaerobe,Coccus,clusters,24,37,21.25
114,,Ag,Ag,47,0,1.93,0,1234.93,0,1.6,0,17.08,0,145,0,430,0,10490,0,11.3,0,5,0,11,0,14.2,spherical,chemical synthesis,0,C. albicans,1,0,Facultative anaerobe,Oval ,Singles,24,37,21.25
115,https://doi.org/10.1016/j.heliyon.2023.e15265,CuO,CuO,18.5,21,2.67,1.54,706.28,1302.97,0.98,0.75,9302.01,18580.37,99,66,200.01,399.97,4460.71,8918.57,6.91,13.38,3,2,13.5,5,42,irregular,Green synthesis ,0,B. cereus,1,1,Facultative anaerobe,Rod,Chains,24,37,0.62
116,,CuO,CuO,18.5,21,2.67,1.54,706.28,1302.97,0.98,0.75,9302.01,18580.37,99,66,200.01,399.97,4460.71,8918.57,6.91,13.38,3,2,13.5,5,42,irregular,Green synthesis ,0,S. aureus,1,0,Facultative anaerobe,Coccus,clusters,24,37,0.16
117,,CuO,CuO,18.5,21,2.67,1.54,706.28,1302.97,0.98,0.75,9302.01,18580.37,99,66,200.01,399.97,4460.71,8918.57,6.91,13.38,3,2,13.5,5,42,irregular,Green synthesis ,0,E. coli,0,1,Facultative anaerobe,Rod,Singles,24,37,2.5
118,,CuO,CuO,18.5,21,2.67,1.54,706.28,1302.97,0.98,0.75,9302.01,18580.37,99,66,200.01,399.97,4460.71,8918.57,6.91,13.38,3,2,13.5,5,42,irregular,Green synthesis ,0,S. typhimurium,0,1,Facultative anaerobe,Rod,Singles,24,37,1.25
119,10.1007/s12010-022-04120-2,CuO,CuO,18.5,21,2.67,1.54,706.28,1302.97,0.98,0.75,9302.01,18580.37,99,66,200.01,399.97,4460.71,8918.57,6.91,13.38,3,2,13.5,5,9.5,spherical,Green synthesis ,0,K. oxytoca,0,0,Facultative anaerobe,Rod,Pairs,24,37,6.25
120,,CuO,CuO,18.5,21,2.67,1.54,706.28,1302.97,0.98,0.75,9302.01,18580.37,99,66,200.01,399.97,4460.71,8918.57,6.91,13.38,3,2,13.5,5,9.5,spherical,Green synthesis ,0,E. coli,0,1,Facultative anaerobe,Rod,Singles,24,37,3.12
121,,CuO,CuO,18.5,21,2.67,1.54,706.28,1302.97,0.98,0.75,9302.01,18580.37,99,66,200.01,399.97,4460.71,8918.57,6.91,13.38,3,2,13.5,5,9.5,spherical,Green synthesis ,0,S. aureus,1,0,Facultative anaerobe,Coccus,clusters,24,37,12.5
122,,CuO,CuO,18.5,21,2.67,1.54,706.28,1302.97,0.98,0.75,9302.01,18580.37,99,66,200.01,399.97,4460.71,8918.57,6.91,13.38,3,2,13.5,5,9.5,spherical,Green synthesis ,0,B. cereus,1,1,Facultative anaerobe,Rod,Chains,24,37,25
123,10.1007/s00203-023-03497-w,Ag,Ag,47,0,1.93,0,1234.93,0,1.6,0,17.08,0,145,0,430,0,10490,0,11.3,0,5,0,11,0,57.8,spherical,Green synthesis ,0,A. baumannii,0,0,Obligate aerobe,Coccobacillus,Singles,24,37,3.125
124,,Ag,Ag,47,0,1.93,0,1234.93,0,1.6,0,17.08,0,145,0,430,0,10490,0,11.3,0,5,0,11,0,57.8,spherical,Green synthesis ,0,P. aeruginosa,0,1,Obligate aerobe,Rod,Singles,24,37,3.125
125,,Ag,Ag,47,0,1.93,0,1234.93,0,1.6,0,17.08,0,145,0,430,0,10490,0,11.3,0,5,0,11,0,57.8,spherical,Green synthesis ,0,S. aureus,1,0,Facultative anaerobe,Coccus,clusters,24,37,12.5
126,https://link.springer.com/article/10.1007/s00449-023-02905-1#Sec21,Au,Au,79,0,2.54,0,1337.33,0,1.35,0,16.95,0,136,0,320,0,19300,0,12.55,0,6,0,11,0,80,spherical,biosynthesis,0,MRSA,1,0,Facultative anaerobe,Coccus,clusters,22,37,500
127,,Au,Au,79,0,2.54,0,1337.33,0,1.35,0,16.95,0,136,0,320,0,19300,0,12.55,0,6,0,11,0,80,spherical,biosynthesis,0,S. pyogenes,1,0,Facultative anaerobe,Coccus,Chains,22,37,500
128,,Au,Au,79,0,2.54,0,1337.33,0,1.35,0,16.95,0,136,0,320,0,19300,0,12.55,0,6,0,11,0,80,spherical,biosynthesis,0,E. coli,0,1,Facultative anaerobe,Rod,Singles,22,37,500
129,,Au,Au,79,0,2.54,0,1337.33,0,1.35,0,16.95,0,136,0,320,0,19300,0,12.55,0,6,0,11,0,80,spherical,biosynthesis,0,C. tropicalis,1,0,Facultative anaerobe,Oval ,Singles,22,37,250
130,10.1016/j.jtumed.2022.10.006,Te(tellurium),Te,52,0,2.1,0,722.66,0,1.4,0,33.96,0,138,0,3,0,6240,0,17.38,0,5,0,16,0,21.4,rod,biosynthesis,0,MRSA,1,0,Facultative anaerobe,Coccus,clusters,24,37,50.13
131,10.1038/s41598-024-82332-8,Au,Au,79,0,2.54,0,1337.33,0,1.35,0,16.95,0,136,0,320,0,19300,0,12.55,0,6,0,11,0,48,stars,chemical synthesis,0,S. aureus,1,0,Facultative anaerobe,Coccus,clusters,24,37,0.625
132,,Au,Au,79,0,2.54,0,1337.33,0,1.35,0,16.95,0,136,0,320,0,19300,0,12.55,0,6,0,11,0,48,stars,chemical synthesis,0,E. coli,0,1,Facultative anaerobe,Rod,Singles,24,37,1.25
133,10.1021/acsinfecdis.4c00860,MoS2,MoS2,24.67,26,2.44,0.42,1224.24,2507.64,1.15,0.45,23.28,11.67,121.33,49,46.47,138.79,4733.33,8320,13.64,35.76,3.67,2,12.67,10,7,quantum dots,chemical synthesis,0,S. aureus,1,0,Facultative anaerobe,Coccus,clusters,24,37,0.03
134,,MoS2,MoS2,24.67,26,2.44,0.42,1224.24,2507.64,1.15,0.45,23.28,11.67,121.33,49,46.47,138.79,4733.33,8320,13.64,35.76,3.67,2,12.67,10,7,quantum dots,chemical synthesis,0,S. aureus,1,0,Facultative anaerobe,Coccus,clusters,24,37,0.03
135,,MoS2,MoS2,24.67,26,2.44,0.42,1224.24,2507.64,1.15,0.45,23.28,11.67,121.33,49,46.47,138.79,4733.33,8320,13.64,35.76,3.67,2,12.67,10,125,nanosheets,chemical synthesis,0,S. aureus,1,0,Facultative anaerobe,Coccus,clusters,24,37,1
136,,MoS2,MoS2,24.67,26,2.44,0.42,1224.24,2507.64,1.15,0.45,23.28,11.67,121.33,49,46.47,138.79,4733.33,8320,13.64,35.76,3.67,2,12.67,10,125,nanosheets,chemical synthesis,0,S. aureus,1,0,Facultative anaerobe,Coccus,clusters,24,37,0.8
137,DOI: 10.1002/smll.202104160,Ag2O2,Ag2O2,27.5,39,2.68,1.51,644.86,1180.13,1.1,1,9304.64,18575.12,105.5,79,215.01,429.97,5245.71,10488.57,5.76,11.08,3.5,3,13.5,5,57,spherical,chemical synthesis,0,MRSA,1,0,Facultative anaerobe,Coccus,clusters,24,37,34.2
138,,Ag2O2,Ag2O2,27.5,39,2.68,1.51,644.86,1180.13,1.1,1,9304.64,18575.12,105.5,79,215.01,429.97,5245.71,10488.57,5.76,11.08,3.5,3,13.5,5,57,spherical,chemical synthesis,0,S. aureus,1,0,Facultative anaerobe,Coccus,clusters,24,37,26
139,,Ag2O2,Ag2O2,27.5,39,2.68,1.51,644.86,1180.13,1.1,1,9304.64,18575.12,105.5,79,215.01,429.97,5245.71,10488.57,5.76,11.08,3.5,3,13.5,5,57,spherical,chemical synthesis,0,E. coli,0,1,Facultative anaerobe,Rod,Singles,24,37,14
140,,Ag2O2,Ag2O2,27.5,39,2.68,1.51,644.86,1180.13,1.1,1,9304.64,18575.12,105.5,79,215.01,429.97,5245.71,10488.57,5.76,11.08,3.5,3,13.5,5,57,spherical,chemical synthesis,0,P. aeruginosa,0,1,Obligate aerobe,Rod,Singles,24,37,33.1
141,https://doi.org/10.1038/s41598-022-24514-w,CuO NPs,CuO,18.5,21,2.67,1.54,706.28,1302.97,0.98,0.75,9302.01,18580.37,99,66,200.01,399.97,4460.71,8918.57,6.91,13.38,3,2,13.5,5,41,spherical,chemical synthesis,0,A.baumannii,0,0,Obligate aerobe,Coccus,Singles,24,37,30
142,https://doi.org/10.1038/s41598-022-18379-2,Ag,Ag,47,0,1.93,0,1234.93,0,1.6,0,17.08,0,145,0,430,0,10490,0,11.3,0,5,0,11,0,47.5,spherical,Green synthesis ,0,E. coli,0,1,Facultative anaerobe,Rod,Singles,24,37,16
143,https://doi.org/10.1038/s41598-022-17929-y,Ag,Ag,47,0,1.93,0,1234.93,0,1.6,0,17.08,0,145,0,430,0,10490,0,11.3,0,5,0,11,0,75,spherical,Green synthesis ,1,E. coli,0,1,Facultative anaerobe,Rod,Singles,24,37,13.5
144,,Ag,Ag,47,0,1.93,0,1234.93,0,1.6,0,17.08,0,145,0,430,0,10490,0,11.3,0,5,0,11,0,75,spherical,Green synthesis ,1,B. subtilis,1,1,Facultative anaerobe,Rod,Chains,24,37,27
145,,Ag,Ag,47,0,1.93,0,1234.93,0,1.6,0,17.08,0,145,0,430,0,10490,0,11.3,0,5,0,11,0,75,spherical,Green synthesis ,1,E. coli,0,1,Facultative anaerobe,Rod,Singles,24,37,6.75
146,,Ag,Ag,47,0,1.93,0,1234.93,0,1.6,0,17.08,0,145,0,430,0,10490,0,11.3,0,5,0,11,0,75,spherical,Green synthesis ,1,B. subtilis,1,1,Facultative anaerobe,Rod,Chains,24,37,27
147,,Ag,Ag,47,0,1.93,0,1234.93,0,1.6,0,17.08,0,145,0,430,0,10490,0,11.3,0,5,0,11,0,75,spherical,Green synthesis ,1,E. coli,0,1,Facultative anaerobe,Rod,Singles,24,37,6.75
148,,Ag,Ag,47,0,1.93,0,1234.93,0,1.6,0,17.08,0,145,0,430,0,10490,0,11.3,0,5,0,11,0,75,spherical,Green synthesis ,1,B. subtilis,1,1,Facultative anaerobe,Rod,Chains,24,37,27
149,10.1021/acsomega.2c06789,Au,Au,79,0,2.54,0,1337.33,0,1.35,0,16.95,0,136,0,320,0,19300,0,12.55,0,6,0,11,0,100.54,spherical,Green synthesis ,0,S. mutans,1,0,Facultative anaerobe,Coccus,Pairs,24,37,256
150,,Au,Au,79,0,2.54,0,1337.33,0,1.35,0,16.95,0,136,0,320,0,19300,0,12.55,0,6,0,11,0,100.54,spherical,Green synthesis ,0,S. aureus,1,0,Facultative anaerobe,Coccus,clusters,24,37,1024
151,,Au,Au,79,0,2.54,0,1337.33,0,1.35,0,16.95,0,136,0,320,0,19300,0,12.55,0,6,0,11,0,100.54,spherical,Green synthesis ,0,P. aeruginosa,0,1,Obligate aerobe,Rod,Singles,24,37,1024
152,,Au,Au,79,0,2.54,0,1337.33,0,1.35,0,16.95,0,136,0,320,0,19300,0,12.55,0,6,0,11,0,100.54,spherical,Green synthesis ,0,E. coli,0,1,Facultative anaerobe,Rod,Singles,24,37,256
153,,Au,Au,79,0,2.54,0,1337.33,0,1.35,0,16.95,0,136,0,320,0,19300,0,12.55,0,6,0,11,0,100.54,spherical,Green synthesis ,0,L. monocytogenes,1,0,Facultative anaerobe,Rod,Singles,24,37,2048
154,,Au,Au,79,0,2.54,0,1337.33,0,1.35,0,16.95,0,136,0,320,0,19300,0,12.55,0,6,0,11,0,100.54,spherical,Green synthesis ,0,K. pneumoniae,0,0,Facultative anaerobe,Rod,Singles,24,37,256
155,,Ag,Ag,47,0,1.93,0,1234.93,0,1.6,0,17.08,0,145,0,430,0,10490,0,11.3,0,5,0,11,0,129.51,spherical,Green synthesis ,0,S. mutans,1,0,Facultative anaerobe,Coccus,Pairs,24,37,32
156,,Ag,Ag,47,0,1.93,0,1234.93,0,1.6,0,17.08,0,145,0,430,0,10490,0,11.3,0,5,0,11,0,129.51,spherical,Green synthesis ,0,S. aureus,1,0,Facultative anaerobe,Coccus,clusters,24,37,128
157,,Ag,Ag,47,0,1.93,0,1234.93,0,1.6,0,17.08,0,145,0,430,0,10490,0,11.3,0,5,0,11,0,129.51,spherical,Green synthesis ,0,P. aeruginosa,0,1,Obligate aerobe,Rod,Singles,24,37,32
158,,Ag,Ag,47,0,1.93,0,1234.93,0,1.6,0,17.08,0,145,0,430,0,10490,0,11.3,0,5,0,11,0,129.51,spherical,Green synthesis ,0,E. coli,0,1,Facultative anaerobe,Rod,Singles,24,37,128
159,,Ag,Ag,47,0,1.93,0,1234.93,0,1.6,0,17.08,0,145,0,430,0,10490,0,11.3,0,5,0,11,0,129.51,spherical,Green synthesis ,0,L. monocytogenes,1,0,Facultative anaerobe,Rod,Singles,24,37,256
160,,Ag,Ag,47,0,1.93,0,1234.93,0,1.6,0,17.08,0,145,0,430,0,10490,0,11.3,0,5,0,11,0,129.51,spherical,Green synthesis ,0,K. pneumoniae,0,0,Facultative anaerobe,Rod,Singles,24,37,128
161,10.1080/21691401.2023.2268167,Ag,Ag,47,0,1.93,0,1234.93,0,1.6,0,17.08,0,145,0,430,0,10490,0,11.3,0,5,0,11,0,75.25,spherical,Green synthesis ,0,E. coli,0,1,Facultative anaerobe,Rod,Singles,24,37,10
162,,Ag,Ag,47,0,1.93,0,1234.93,0,1.6,0,17.08,0,145,0,430,0,10490,0,11.3,0,5,0,11,0,75.25,spherical,Green synthesis ,0,P. aeruginosa,0,1,Obligate aerobe,Rod,Singles,24,37,10
163,,Ag,Ag,47,0,1.93,0,1234.93,0,1.6,0,17.08,0,145,0,430,0,10490,0,11.3,0,5,0,11,0,75.25,spherical,Green synthesis ,0,S. mutans,1,0,Facultative anaerobe,Coccus,Pairs,24,37,10
164,10.1016/j.micpath.2017.07.009,Au,Au,79,0,2.54,0,1337.33,0,1.35,0,16.95,0,136,0,320,0,19300,0,12.55,0,6,0,11,0,40,spherical,Green synthesis ,0,E. coli,0,1,Facultative anaerobe,Rod,Singles,24,37,25
165,,Au,Au,79,0,2.54,0,1337.33,0,1.35,0,16.95,0,136,0,320,0,19300,0,12.55,0,6,0,11,0,40,spherical,Green synthesis ,0,B. subtilis,1,1,Facultative anaerobe,Rod,Chains,24,37,50
166,10.1111/1751-7915.12374,Se,Se,34,0,2.55,0,494,0,1.15,0,27.21,0,120,0,0.52,0,4819,0,6.69,0,4,0,16,0,160.6,spherical,biosynthesis,0,P. aeruginosa,0,1,Obligate aerobe,Rod,Singles,24,37,128
167,,Se,Se,34,0,2.55,0,494,0,1.15,0,27.21,0,120,0,0.52,0,4819,0,6.69,0,4,0,16,0,170.6,spherical,biosynthesis,0,P. aeruginosa,0,1,Obligate aerobe,Rod,Singles,24,37,128
168,,Se,Se,34,0,2.55,0,494,0,1.15,0,27.21,0,120,0,0.52,0,4819,0,6.69,0,4,0,16,0,102.5,spherical,biosynthesis,0,P. aeruginosa,0,1,Obligate aerobe,Rod,Singles,24,37,128
169,10.1016/j.chemosphere.2021.132676,Ag,Ag,47,0,1.93,0,1234.93,0,1.6,0,17.08,0,145,0,430,0,10490,0,11.3,0,5,0,11,0,82.5,spherical,Green synthesis ,0,B. subtilis,1,1,Facultative anaerobe,Rod,Chains,24,37,100
170,,Ag,Ag,47,0,1.93,0,1234.93,0,1.6,0,17.08,0,145,0,430,0,10490,0,11.3,0,5,0,11,0,82.5,spherical,Green synthesis ,0,S. haemolyticus,1,0,Facultative anaerobe,Coccus,clusters,24,37,100
171,,Ag,Ag,47,0,1.93,0,1234.93,0,1.6,0,17.08,0,145,0,430,0,10490,0,11.3,0,5,0,11,0,82.5,spherical,Green synthesis ,0,S. enterica,0,1,Facultative anaerobe,Rod,Singles,24,37,100
172,,Ag,Ag,47,0,1.93,0,1234.93,0,1.6,0,17.08,0,145,0,430,0,10490,0,11.3,0,5,0,11,0,82.5,spherical,Green synthesis ,0,K. aerogenes,0,0,Facultative anaerobe,Rod,Singles,24,37,40
173,,AlO,AlO,10.5,5,2.52,1.83,494.14,878.67,0.92,0.65,9304.4,18575.6,93.5,55,117.51,234.97,1350.71,2698.57,5.47,10.49,2.5,1,14.5,3,87.3,spherical,Green synthesis ,0,B. subtilis,1,1,Facultative anaerobe,Rod,Chains,24,37,450
174,,AlO,AlO,10.5,5,2.52,1.83,494.14,878.67,0.92,0.65,9304.4,18575.6,93.5,55,117.51,234.97,1350.71,2698.57,5.47,10.49,2.5,1,14.5,3,87.3,spherical,Green synthesis ,0,S. haemolyticus,1,0,Facultative anaerobe,Coccus,clusters,24,37,450
175,,AlO,AlO,10.5,5,2.52,1.83,494.14,878.67,0.92,0.65,9304.4,18575.6,93.5,55,117.51,234.97,1350.71,2698.57,5.47,10.49,2.5,1,14.5,3,87.3,spherical,Green synthesis ,0,S. enterica,0,1,Facultative anaerobe,Rod,Singles,24,37,400
176,,AlO,AlO,10.5,5,2.52,1.83,494.14,878.67,0.92,0.65,9304.4,18575.6,93.5,55,117.51,234.97,1350.71,2698.57,5.47,10.49,2.5,1,14.5,3,87.3,spherical,Green synthesis ,0,K. aerogenes,0,0,Facultative anaerobe,Rod,Singles,24,37,150
177,,CuO,CuO,18.5,21,2.67,1.54,706.28,1302.97,0.98,0.75,9302.01,18580.37,99,66,200.01,399.97,4460.71,8918.57,6.91,13.38,3,2,13.5,5,61,spherical,Green synthesis ,0,B. subtilis,1,1,Facultative anaerobe,Rod,Chains,24,37,350
178,,CuO,CuO,18.5,21,2.67,1.54,706.28,1302.97,0.98,0.75,9302.01,18580.37,99,66,200.01,399.97,4460.71,8918.57,6.91,13.38,3,2,13.5,5,61,spherical,Green synthesis ,0,S. haemolyticus,1,0,Facultative anaerobe,Coccus,clusters,24,37,300
179,,CuO,CuO,18.5,21,2.67,1.54,706.28,1302.97,0.98,0.75,9302.01,18580.37,99,66,200.01,399.97,4460.71,8918.57,6.91,13.38,3,2,13.5,5,61,spherical,Green synthesis ,0,S. enterica,0,1,Facultative anaerobe,Rod,Singles,24,37,250
180,,CuO,CuO,18.5,21,2.67,1.54,706.28,1302.97,0.98,0.75,9302.01,18580.37,99,66,200.01,399.97,4460.71,8918.57,6.91,13.38,3,2,13.5,5,61,spherical,Green synthesis ,0,K. aerogenes,0,0,Facultative anaerobe,Rod,Singles,24,37,100
181,,FeO,FeO,17,18,2.64,1.61,932.9,1756.2,1,0.8,9301.99,18580.42,99,66,40.01,79.97,3937.71,7872.57,7.02,13.59,3,2,12,8,83.3,spherical,Green synthesis ,0,B. subtilis,1,1,Facultative anaerobe,Rod,Chains,24,37,1500
182,,FeO,FeO,17,18,2.64,1.61,932.9,1756.2,1,0.8,9301.99,18580.42,99,66,40.01,79.97,3937.71,7872.57,7.02,13.59,3,2,12,8,83.3,spherical,Green synthesis ,0,S. haemolyticus,1,0,Facultative anaerobe,Coccus,clusters,24,37,1500
183,,FeO,FeO,17,18,2.64,1.61,932.9,1756.2,1,0.8,9301.99,18580.42,99,66,40.01,79.97,3937.71,7872.57,7.02,13.59,3,2,12,8,83.3,spherical,Green synthesis ,0,S. enterica,0,1,Facultative anaerobe,Rod,Singles,24,37,1200
184,,FeO,FeO,17,18,2.64,1.61,932.9,1756.2,1,0.8,9301.99,18580.42,99,66,40.01,79.97,3937.71,7872.57,7.02,13.59,3,2,12,8,83.3,spherical,Green synthesis ,0,K. aerogenes,0,0,Facultative anaerobe,Rod,Singles,24,37,500
185,10.3390/jof9020133,ZnO,ZnO,19,22,2.54,1.79,373.74,637.88,0.98,0.75,9303.7,18576.99,94,56,60.01,119.97,3570.71,7138.57,3.64,6.85,3,2,14,4,61,spherical,biosynthesis,0,S. aureus,1,0,Facultative anaerobe,Coccus,clusters,24,28,50
186,,ZnO,ZnO,19,22,2.54,1.79,373.74,637.88,0.98,0.75,9303.7,18576.99,94,56,60.01,119.97,3570.71,7138.57,3.64,6.85,3,2,14,4,61,spherical,biosynthesis,0,E. coli,0,1,Facultative anaerobe,Rod,Singles,24,28,50
187,10.3390/jfb14020112,MgO,MgO,10,4,2.38,2.13,488.9,868.2,1.05,0.9,9307.71,18568.97,103.5,75,80.01,159.97,869.71,1736.57,4.35,8.26,2.5,1,9,14,36.05,hexagonal,Green synthesis ,,E. coli,0,1,Facultative anaerobe,Rod,Singles,24,37,5.61
188,,MgO,MgO,10,4,2.38,2.13,488.9,868.2,1.05,0.9,9307.71,18568.97,103.5,75,80.01,159.97,869.71,1736.57,4.35,8.26,2.5,1,9,14,36.05,hexagonal,Green synthesis ,,P. aeruginosa,0,1,Obligate aerobe,Rod,Singles,24,37,23.26
189,,MgOCe,MgOCe,26,50,1.96,2.32,682.93,1016.2,1.32,1.25,6216.73,18568.97,137,138,57.01,159.97,2809.48,6687.57,4.72,8.26,3.67,4,7,14,34.66,hexagonal,Green synthesis ,,E. coli,0,1,Facultative anaerobe,Rod,Singles,24,37,1.84
190,,MgOCe,MgOCe,26,50,1.96,2.32,682.93,1016.2,1.32,1.25,6216.73,18568.97,137,138,57.01,159.97,2809.48,6687.57,4.72,8.26,3.67,4,7,14,34.66,hexagonal,Green synthesis ,,P. aeruginosa,0,1,Obligate aerobe,Rod,Singles,24,37,9.03
191,10.1186/s12866-023-02971-1,Ag-Se,AgSe,40.5,13,2.24,0.62,864.46,740.93,1.38,0.45,22.14,10.13,132.5,25,215.26,429.48,7654.5,5671,9,4.61,4.5,1,13.5,5,46.7,spherical,Green synthesis ,0,C. albicans,1,0,Facultative anaerobe,Oval ,Singles,24,37,62.5
192,,Ag-Se,AgSe,40.5,13,2.24,0.62,864.46,740.93,1.38,0.45,22.14,10.13,132.5,25,215.26,429.48,7654.5,5671,9,4.61,4.5,1,13.5,5,46.7,spherical,Green synthesis ,0,E. coli,0,1,Facultative anaerobe,Rod,Singles,24,37,62.5
193,,Ag,Ag,47,0,1.93,0,1234.93,0,1.6,0,17.08,0,145,0,430,0,10490,0,11.3,0,5,0,11,0,34.3,spherical,Green synthesis ,0,C. albicans,1,0,Facultative anaerobe,Oval ,Singles,24,37,125
194,,Ag,Ag,47,0,1.93,0,1234.93,0,1.6,0,17.08,0,145,0,430,0,10490,0,11.3,0,5,0,11,0,34.3,spherical,Green synthesis ,0,E. coli,0,1,Facultative anaerobe,Rod,Singles,24,37,125
195,,Se,Se,34,0,2.55,0,494,0,1.15,0,27.21,0,120,0,0.52,0,4819,0,6.69,0,4,0,16,0,40.7,spherical,Green synthesis ,0,C. albicans,1,0,Facultative anaerobe,Oval ,Singles,24,37,125
196,,Se,Se,34,0,2.55,0,494,0,1.15,0,27.21,0,120,0,0.52,0,4819,0,6.69,0,4,0,16,0,40.7,spherical,Green synthesis ,0,E. coli,0,1,Facultative anaerobe,Rod,Singles,24,37,125
197,10.3390/plants12112177,Ag,Ag,47,0,1.93,0,1234.93,0,1.6,0,17.08,0,145,0,430,0,10490,0,11.3,0,5,0,11,0,17.7,spherical,Green synthesis ,0,B. subtilis,1,1,Facultative anaerobe,Rod,Chains,24,37,7.83
198,,Ag,Ag,47,0,1.93,0,1234.93,0,1.6,0,17.08,0,145,0,430,0,10490,0,11.3,0,5,0,11,0,17.7,spherical,Green synthesis ,0,E. faecalis,1,0,Facultative anaerobe,Coccus,Pairs,24,37,15.53
199,,Ag,Ag,47,0,1.93,0,1234.93,0,1.6,0,17.08,0,145,0,430,0,10490,0,11.3,0,5,0,11,0,17.7,spherical,Green synthesis ,0,E. coli,0,1,Facultative anaerobe,Rod,Singles,24,37,7.73
200,,Ag,Ag,47,0,1.93,0,1234.93,0,1.6,0,17.08,0,145,0,430,0,10490,0,11.3,0,5,0,11,0,17.7,spherical,Green synthesis ,0,P. vulgaris,0,1,Facultative anaerobe,Rod,Singles,24,37,15.57
201,,Ag,Ag,47,0,1.93,0,1234.93,0,1.6,0,17.08,0,145,0,430,0,10490,0,11.3,0,5,0,11,0,17.7,spherical,Green synthesis ,0,C. albicans,1,0,Facultative anaerobe,Oval ,Singles,24,37,31.33
202,https://doi.org/10.3390/antiox13070865,Cu,Cu,29,0,1.9,0,1357.77,0,1.35,0,11.83,0,132,0,400,0,8920,0,13.6,0,4,0,11,0,48.3,Spherical,Green synthesis ,0,B. cereus,1,1,Facultative anaerobe,Rod,Chains,24,37,25
203,,Cu,Cu,29,0,1.9,0,1357.77,0,1.35,0,11.83,0,132,0,400,0,8920,0,13.6,0,4,0,11,0,48.3,Spherical,Green synthesis ,0,E. faecalis,1,0,Facultative anaerobe,Coccus,Pairs,24,37,25
204,,Cu,Cu,29,0,1.9,0,1357.77,0,1.35,0,11.83,0,132,0,400,0,8920,0,13.6,0,4,0,11,0,48.3,Spherical,Green synthesis ,0,S. aureus,1,0,Facultative anaerobe,Coccus,clusters,24,37,25
205,,Cu,Cu,29,0,1.9,0,1357.77,0,1.35,0,11.83,0,132,0,400,0,8920,0,13.6,0,4,0,11,0,48.3,Spherical,Green synthesis ,0,E. coli,0,1,Facultative anaerobe,Rod,Singles,24,37,125
206,,Cu,Cu,29,0,1.9,0,1357.77,0,1.35,0,11.83,0,132,0,400,0,8920,0,13.6,0,4,0,11,0,48.3,Spherical,Green synthesis ,0,K. quasipneumoniae,0,0,Facultative anaerobe,Rod,Pairs,24,37,125
207,,Cu,Cu,29,0,1.9,0,1357.77,0,1.35,0,11.83,0,132,0,400,0,8920,0,13.6,0,4,0,11,0,48.3,Spherical,Green synthesis ,0,P. aeruginosa,0,1,Obligate aerobe,Rod,Singles,24,37,125
208,,Cu,Cu,29,0,1.9,0,1357.77,0,1.35,0,11.83,0,132,0,400,0,8920,0,13.6,0,4,0,11,0,48.3,Spherical,Green synthesis ,0,S. typhimurium,0,1,Facultative anaerobe,Rod,Singles,24,37,125
209,,Cu,Cu,29,0,1.9,0,1357.77,0,1.35,0,11.83,0,132,0,400,0,8920,0,13.6,0,4,0,11,0,48.3,Spherical,Green synthesis ,0,Shigella sonnei,0,0,Facultative anaerobe,Rod,Singles,24,37,125
210,10.1007/s00430-017-0525-y,Ag,Ag,47,0,1.93,0,1234.93,0,1.6,0,17.08,0,145,0,430,0,10490,0,11.3,0,5,0,11,0,35,spherical,chemical synthesis,0,P. aeruginosa,0,1,Obligate aerobe,Rod,Singles,18,37,10000
211,,Ag,Ag,47,0,1.93,0,1234.93,0,1.6,0,17.08,0,145,0,430,0,10490,0,11.3,0,5,0,11,0,35,spherical,chemical synthesis,0,E. coli,0,1,Facultative anaerobe,Rod,Singles,18,37,15000
212,,Ag,Ag,47,0,1.93,0,1234.93,0,1.6,0,17.08,0,145,0,430,0,10490,0,11.3,0,5,0,11,0,35,spherical,chemical synthesis,0,B. subtilis,1,1,Facultative anaerobe,Rod,Chains,18,37,10000
213,,Ag,Ag,47,0,1.93,0,1234.93,0,1.6,0,17.08,0,145,0,430,0,10490,0,11.3,0,5,0,11,0,35,spherical,chemical synthesis,0,S. aureus,1,0,Facultative anaerobe,Coccus,clusters,18,37,10000
214,,CurâAg,Ag,47,0,1.93,0,1234.93,0,1.6,0,17.08,0,145,0,430,0,10490,0,11.3,0,5,0,11,0,25,spherical,Green synthesis ,0,P. aeruginosa,0,1,Obligate aerobe,Rod,Singles,18,37,10000
215,,CurâAg,Ag,47,0,1.93,0,1234.93,0,1.6,0,17.08,0,145,0,430,0,10490,0,11.3,0,5,0,11,0,25,spherical,Green synthesis ,0,E. coli,0,1,Facultative anaerobe,Rod,Singles,18,37,5000
216,,CurâAg,Ag,47,0,1.93,0,1234.93,0,1.6,0,17.08,0,145,0,430,0,10490,0,11.3,0,5,0,11,0,25,spherical,Green synthesis ,0,B. subtilis,1,1,Facultative anaerobe,Rod,Chains,18,37,2500
217,,CurâAg,Ag,47,0,1.93,0,1234.93,0,1.6,0,17.08,0,145,0,430,0,10490,0,11.3,0,5,0,11,0,25,spherical,Green synthesis ,0,S. aureus,1,0,Facultative anaerobe,Coccus,clusters,18,37,5000
218,"10.1049/iet-nbt.2014.0068
www.ietdl.org",Ag,Ag,47,0,1.93,0,1234.93,0,1.6,0,17.08,0,145,0,430,0,10490,0,11.3,0,5,0,11,0,31.85,spherical ,biosynthesis,0,E. coli,0,1,Facultative anaerobe,Rod,Singles,24,37,10.62
219,,Ag,Ag,47,0,1.93,0,1234.93,0,1.6,0,17.08,0,145,0,430,0,10490,0,11.3,0,5,0,11,0,31.85,spherical ,biosynthesis,0,P. aeruginosa,0,1,Obligate aerobe,Rod,Singles,24,37,10.62
220,,Ag,Ag,47,0,1.93,0,1234.93,0,1.6,0,17.08,0,145,0,430,0,10490,0,11.3,0,5,0,11,0,31.85,spherical ,biosynthesis,0,S. choleraesuis,0,1,Facultative anaerobe,Rod,Singles,24,37,10.62
221,,Ag,Ag,47,0,1.93,0,1234.93,0,1.6,0,17.08,0,145,0,430,0,10490,0,11.3,0,5,0,11,0,31.85,spherical ,biosynthesis,0,S. aureus,1,0,Facultative anaerobe,Coccus,clusters,24,37,2.12
222,,Ag,Ag,47,0,1.93,0,1234.93,0,1.6,0,17.08,0,145,0,430,0,10490,0,11.3,0,5,0,11,0,25.43,spherical ,biosynthesis,0,E. coli,0,1,Facultative anaerobe,Rod,Singles,24,37,10.62
223,,Ag,Ag,47,0,1.93,0,1234.93,0,1.6,0,17.08,0,145,0,430,0,10490,0,11.3,0,5,0,11,0,25.43,spherical ,biosynthesis,0,P. aeruginosa,0,1,Obligate aerobe,Rod,Singles,24,37,10.62
224,,Ag,Ag,47,0,1.93,0,1234.93,0,1.6,0,17.08,0,145,0,430,0,10490,0,11.3,0,5,0,11,0,25.43,spherical ,biosynthesis,0,S. choleraesuis,0,1,Facultative anaerobe,Rod,Singles,24,37,1.7
225,,Ag,Ag,47,0,1.93,0,1234.93,0,1.6,0,17.08,0,145,0,430,0,10490,0,11.3,0,5,0,11,0,25.43,spherical ,biosynthesis,0,S. aureus,1,0,Facultative anaerobe,Coccus,clusters,24,37,2.12
226,,Ag,Ag,47,0,1.93,0,1234.93,0,1.6,0,17.08,0,145,0,430,0,10490,0,11.3,0,5,0,11,0,23.29,spherical ,biosynthesis,0,S. choleraesuis,0,1,Facultative anaerobe,Rod,Singles,24,37,0.85
227,,Ag,Ag,47,0,1.93,0,1234.93,0,1.6,0,17.08,0,145,0,430,0,10490,0,11.3,0,5,0,11,0,23.29,spherical ,biosynthesis,0,E. coli,0,1,Facultative anaerobe,Rod,Singles,24,37,10.62
228,,Ag,Ag,47,0,1.93,0,1234.93,0,1.6,0,17.08,0,145,0,430,0,10490,0,11.3,0,5,0,11,0,23.29,spherical ,biosynthesis,0,P. aeruginosa,0,1,Obligate aerobe,Rod,Singles,24,37,10.62
229,,Ag,Ag,47,0,1.93,0,1234.93,0,1.6,0,17.08,0,145,0,430,0,10490,0,11.3,0,5,0,11,0,23.29,spherical ,biosynthesis,0,S. aureus,1,0,Facultative anaerobe,Coccus,clusters,24,37,1.7
230,http://dx.doi.org/10.1016/j.colsurfb.2015.02.009,Cu,Cu,29,0,1.9,0,1357.77,0,1.35,0,11.83,0,132,0,400,0,8920,0,13.6,0,4,0,11,0,50,spherical ,chemical synthesis,0,S. aureus,1,0,Facultative anaerobe,Coccus,clusters,18,35,1.875
231,,Cu,Cu,29,0,1.9,0,1357.77,0,1.35,0,11.83,0,132,0,400,0,8920,0,13.6,0,4,0,11,0,50,spherical ,chemical synthesis,0,S. epidermidis,1,0,Facultative anaerobe,Coccus,clusters,18,35,3.75
232,DOI:10.1590/s1517-83822014000400024,Ag,Ag,47,0,1.93,0,1234.93,0,1.6,0,17.08,0,145,0,430,0,10490,0,11.3,0,5,0,11,0,15,spherical ,Green synthesis ,0,S. aureus,1,0,Facultative anaerobe,Coccus,clusters,24,37,45
233,,Ag,Ag,47,0,1.93,0,1234.93,0,1.6,0,17.08,0,145,0,430,0,10490,0,11.3,0,5,0,11,0,15,spherical ,Green synthesis ,0,B. subtilis,1,1,Facultative anaerobe,Rod,Chains,24,37,38
234,,Ag,Ag,47,0,1.93,0,1234.93,0,1.6,0,17.08,0,145,0,430,0,10490,0,11.3,0,5,0,11,0,15,spherical ,Green synthesis ,0,E. coli,0,1,Facultative anaerobe,Rod,Singles,24,37,30
235,,Ag,Ag,47,0,1.93,0,1234.93,0,1.6,0,17.08,0,145,0,430,0,10490,0,11.3,0,5,0,11,0,15,spherical ,Green synthesis ,0,P. aeruginosa,0,1,Obligate aerobe,Rod,Singles,24,37,35
236,https://doi.org/10.1186/s13568-024-01707-2,Cu,Cu,29,0,1.9,0,1357.77,0,1.35,0,11.83,0,132,0,400,0,8920,0,13.6,0,4,0,11,0,52,spherical ,biosynthesis,0,S. aureus,1,0,Facultative anaerobe,Coccus,clusters,24,37,25
237,,Cu,Cu,29,0,1.9,0,1357.77,0,1.35,0,11.83,0,132,0,400,0,8920,0,13.6,0,4,0,11,0,52,spherical ,biosynthesis,0,B. cereus,1,1,Facultative anaerobe,Rod,Chains,24,37,25
238,,Cu,Cu,29,0,1.9,0,1357.77,0,1.35,0,11.83,0,132,0,400,0,8920,0,13.6,0,4,0,11,0,52,spherical ,biosynthesis,0,E. coli,0,1,Facultative anaerobe,Rod,Singles,24,37,125
239,,Cu,Cu,29,0,1.9,0,1357.77,0,1.35,0,11.83,0,132,0,400,0,8920,0,13.6,0,4,0,11,0,52,spherical ,biosynthesis,0,K. quasipneumoniae,0,0,Facultative anaerobe,Rod,Pairs,24,37,125
240,,Cu,Cu,29,0,1.9,0,1357.77,0,1.35,0,11.83,0,132,0,400,0,8920,0,13.6,0,4,0,11,0,52,spherical ,biosynthesis,0,P. aeruginosa,0,1,Obligate aerobe,Rod,Singles,24,37,75
241,,Cu,Cu,29,0,1.9,0,1357.77,0,1.35,0,11.83,0,132,0,400,0,8920,0,13.6,0,4,0,11,0,52,spherical ,biosynthesis,0,S. typhimurium,0,1,Facultative anaerobe,Rod,Singles,24,37,125
242,,Cu,Cu,29,0,1.9,0,1357.77,0,1.35,0,11.83,0,132,0,400,0,8920,0,13.6,0,4,0,11,0,52,spherical ,biosynthesis,0,Shigella sonnei,0,0,Facultative anaerobe,Rod,Singles,24,37,50
243,https://doi.org/10.1016/j.sjbs.2017.07.001,Ag,Ag,47,0,1.93,0,1234.93,0,1.6,0,17.08,0,145,0,430,0,10490,0,11.3,0,5,0,11,0,33.93,spherical ,Green synthesis ,0,S. aureus,1,0,Facultative anaerobe,Coccus,clusters,18,37,62.5
244,,Ag,Ag,47,0,1.93,0,1234.93,0,1.6,0,17.08,0,145,0,430,0,10490,0,11.3,0,5,0,11,0,33.93,spherical ,Green synthesis ,0,E. coli,0,1,Facultative anaerobe,Rod,Singles,18,37,125
245,,Ag,Ag,47,0,1.93,0,1234.93,0,1.6,0,17.08,0,145,0,430,0,10490,0,11.3,0,5,0,11,0,33.93,spherical ,Green synthesis ,0,K. pneumoniae,0,0,Facultative anaerobe,Rod,Singles,18,37,250
246,,Ag,Ag,47,0,1.93,0,1234.93,0,1.6,0,17.08,0,145,0,430,0,10490,0,11.3,0,5,0,11,0,33.93,spherical ,Green synthesis ,0,Salmonella typhi,0,1,Facultative anaerobe,Rod,Singles,18,37,500
247,,Ag,Ag,47,0,1.93,0,1234.93,0,1.6,0,17.08,0,145,0,430,0,10490,0,11.3,0,5,0,11,0,33.93,spherical ,Green synthesis ,0,P. aeruginosa,0,1,Obligate aerobe,Rod,Singles,18,37,500
248,https://doi.org/10.1016/j.sdentj.2018.10.004,Ag,Ag,47,0,1.93,0,1234.93,0,1.6,0,17.08,0,145,0,430,0,10490,0,11.3,0,5,0,11,0,40,spherical ,chemical synthesis,0,S. mutans,1,0,Facultative anaerobe,Coccus,Pairs,24,37,60
249,,Ag,Ag,47,0,1.93,0,1234.93,0,1.6,0,17.08,0,145,0,430,0,10490,0,11.3,0,5,0,11,0,40,spherical ,chemical synthesis,0,Streptococcus oralis,1,0,Facultative anaerobe,Coccus,Pairs,24,37,45
250,,Ag,Ag,47,0,1.93,0,1234.93,0,1.6,0,17.08,0,145,0,430,0,10490,0,11.3,0,5,0,11,0,40,spherical ,chemical synthesis,0,L. acidophilus,1,0,Facultative anaerobe,Rod,Pairs,24,37,15
251,,Ag,Ag,47,0,1.93,0,1234.93,0,1.6,0,17.08,0,145,0,430,0,10490,0,11.3,0,5,0,11,0,40,spherical ,chemical synthesis,0,L. fermentum,1,0,Facultative anaerobe,Rod,Pairs,24,37,90
252,10.1590/0103-6440202003897,Ag,Ag,47,0,1.93,0,1234.93,0,1.6,0,17.08,0,145,0,430,0,10490,0,11.3,0,5,0,11,0,28.75,spherical ,Green synthesis ,0,E. coli,0,1,Facultative anaerobe,Rod,Singles,24,37,1.52
253,,Ag,Ag,47,0,1.93,0,1234.93,0,1.6,0,17.08,0,145,0,430,0,10490,0,11.3,0,5,0,11,0,28.75,spherical ,Green synthesis ,0,E. faecalis,1,0,Facultative anaerobe,Coccus,Pairs,24,37,6.09
254,,Ag,Ag,47,0,1.93,0,1234.93,0,1.6,0,17.08,0,145,0,430,0,10490,0,11.3,0,5,0,11,0,28.75,spherical ,Green synthesis ,0,P. aeruginosa,0,1,Obligate aerobe,Rod,Singles,24,37,1.52
255,,Ag,Ag,47,0,1.93,0,1234.93,0,1.6,0,17.08,0,145,0,430,0,10490,0,11.3,0,5,0,11,0,28.75,spherical ,Green synthesis ,0,S. aureus,1,0,Facultative anaerobe,Coccus,clusters,24,37,1.52
256,,Ag,Ag,47,0,1.93,0,1234.93,0,1.6,0,17.08,0,145,0,430,0,10490,0,11.3,0,5,0,11,0,28.75,spherical ,Green synthesis ,0,S. mutans,1,0,Facultative anaerobe,Coccus,Pairs,24,37,12.18
257,,Ag,Ag,47,0,1.93,0,1234.93,0,1.6,0,17.08,0,145,0,430,0,10490,0,11.3,0,5,0,11,0,35.9,spherical ,Green synthesis ,0,E. coli,0,1,Facultative anaerobe,Rod,Singles,24,37,1.52
258,,Ag,Ag,47,0,1.93,0,1234.93,0,1.6,0,17.08,0,145,0,430,0,10490,0,11.3,0,5,0,11,0,35.9,spherical ,Green synthesis ,0,E. faecalis,1,0,Facultative anaerobe,Coccus,Pairs,24,37,0.19
259,,Ag,Ag,47,0,1.93,0,1234.93,0,1.6,0,17.08,0,145,0,430,0,10490,0,11.3,0,5,0,11,0,35.9,spherical ,Green synthesis ,0,P. aeruginosa,0,1,Obligate aerobe,Rod,Singles,24,37,1.52
260,,Ag,Ag,47,0,1.93,0,1234.93,0,1.6,0,17.08,0,145,0,430,0,10490,0,11.3,0,5,0,11,0,35.9,spherical ,Green synthesis ,0,S. aureus,1,0,Facultative anaerobe,Coccus,clusters,24,37,3.04
261,,Ag,Ag,47,0,1.93,0,1234.93,0,1.6,0,17.08,0,145,0,430,0,10490,0,11.3,0,5,0,11,0,35.9,spherical ,Green synthesis ,0,S. mutans,1,0,Facultative anaerobe,Coccus,Pairs,24,37,12.15
262,https://doi.org/10.1038/s41598-018-34567-5,MgO,MgO,10,4,2.38,2.13,488.9,868.2,1.05,0.9,9307.71,18568.97,103.5,75,80.01,159.97,869.71,1736.57,4.35,8.26,2.5,1,9,14,23,polyhedral,chemical synthesis,1,E. coli,0,1,Facultative anaerobe,Rod,Singles,24,37,1000
263,,MgO,MgO,10,4,2.38,2.13,488.9,868.2,1.05,0.9,9307.71,18568.97,103.5,75,80.01,159.97,869.71,1736.57,4.35,8.26,2.5,1,9,14,23,polyhedral,chemical synthesis,1,P. aeruginosa,0,1,Obligate aerobe,Rod,Singles,24,37,1000
264,,MgO,MgO,10,4,2.38,2.13,488.9,868.2,1.05,0.9,9307.71,18568.97,103.5,75,80.01,159.97,869.71,1736.57,4.35,8.26,2.5,1,9,14,23,polyhedral,chemical synthesis,1,S. epidermidis,1,0,Facultative anaerobe,Coccus,clusters,24,37,500
265,,MgO,MgO,10,4,2.38,2.13,488.9,868.2,1.05,0.9,9307.71,18568.97,103.5,75,80.01,159.97,869.71,1736.57,4.35,8.26,2.5,1,9,14,23,polyhedral,chemical synthesis,1,S. aureus,1,0,Facultative anaerobe,Coccus,clusters,24,37,700
266,,MgO,MgO,10,4,2.38,2.13,488.9,868.2,1.05,0.9,9307.71,18568.97,103.5,75,80.01,159.97,869.71,1736.57,4.35,8.26,2.5,1,9,14,23,polyhedral,chemical synthesis,1,MRSA,1,0,Facultative anaerobe,Coccus,clusters,24,37,1000
267,,MgO,MgO,10,4,2.38,2.13,488.9,868.2,1.05,0.9,9307.71,18568.97,103.5,75,80.01,159.97,869.71,1736.57,4.35,8.26,2.5,1,9,14,23,polyhedral,chemical synthesis,1,C. albicans,1,0,Facultative anaerobe,Oval ,Singles,24,37,1200
268,,MgO,MgO,10,4,2.38,2.13,488.9,868.2,1.05,0.9,9307.71,18568.97,103.5,75,80.01,159.97,869.71,1736.57,4.35,8.26,2.5,1,9,14,23,polyhedral,chemical synthesis,1,C. albicans,1,0,Facultative anaerobe,Oval ,Singles,24,37,1000
269,,MgO,MgO,10,4,2.38,2.13,488.9,868.2,1.05,0.9,9307.71,18568.97,103.5,75,80.01,159.97,869.71,1736.57,4.35,8.26,2.5,1,9,14,23,polyhedral,chemical synthesis,1,C. glabrata,1,0,Facultative anaerobe,Oval ,Singles,24,37,1000
270,https://doi.org/10.3390/molecules29133027,AgCu,AgCu,38,18,1.92,0.03,1296.35,122.84,1.48,0.25,14.45,5.25,138.5,13,415,30,9705,1570,12.45,2.3,4.5,1,11,0,4,polyhedral,chemical synthesis,0,S. aureus,1,0,Facultative anaerobe,Coccus,clusters,24,37,6
271,,AgCu,AgCu,38,18,1.92,0.03,1296.35,122.84,1.48,0.25,14.45,5.25,138.5,13,415,30,9705,1570,12.45,2.3,4.5,1,11,0,4,polyhedral,chemical synthesis,0,E. coli,0,1,Facultative anaerobe,Rod,Singles,24,37,6
272,,AgCu,AgCu,38,18,1.92,0.03,1296.35,122.84,1.48,0.25,14.45,5.25,138.5,13,415,30,9705,1570,12.45,2.3,4.5,1,11,0,13,polyhedral,chemical synthesis,0,S. aureus,1,0,Facultative anaerobe,Coccus,clusters,24,37,2
273,,AgCu,AgCu,38,18,1.92,0.03,1296.35,122.84,1.48,0.25,14.45,5.25,138.5,13,415,30,9705,1570,12.45,2.3,4.5,1,11,0,13,polyhedral,chemical synthesis,0,E. coli,0,1,Facultative anaerobe,Rod,Singles,24,37,2
274,10.2147/IJN.S258319,Ag,Ag,47,0,1.93,0,1234.93,0,1.6,0,17.08,0,145,0,430,0,10490,0,11.3,0,5,0,11,0,7.5,spherical,Green synthesis ,0,S. aureus,1,0,Facultative anaerobe,Coccus,clusters,24,37,31.2
275,,Ag,Ag,47,0,1.93,0,1234.93,0,1.6,0,17.08,0,145,0,430,0,10490,0,11.3,0,5,0,11,0,7.5,spherical,Green synthesis ,0,E. faecalis,1,0,Facultative anaerobe,Coccus,Pairs,24,37,500
276,,Ag,Ag,47,0,1.93,0,1234.93,0,1.6,0,17.08,0,145,0,430,0,10490,0,11.3,0,5,0,11,0,7.5,spherical,Green synthesis ,0,S. aureus,1,0,Facultative anaerobe,Coccus,clusters,24,37,15.6
277,,Ag,Ag,47,0,1.93,0,1234.93,0,1.6,0,17.08,0,145,0,430,0,10490,0,11.3,0,5,0,11,0,7.5,spherical,Green synthesis ,0,E. coli,0,1,Facultative anaerobe,Rod,Singles,24,37,31.2
278,,Ag,Ag,47,0,1.93,0,1234.93,0,1.6,0,17.08,0,145,0,430,0,10490,0,11.3,0,5,0,11,0,7.5,spherical,Green synthesis ,0,E. coli,0,1,Facultative anaerobe,Rod,Singles,24,37,7.8
279,,Ag,Ag,47,0,1.93,0,1234.93,0,1.6,0,17.08,0,145,0,430,0,10490,0,11.3,0,5,0,11,0,7.5,spherical,Green synthesis ,0,Salmonella typhi,0,1,Facultative anaerobe,Rod,Singles,24,37,7.8
280,,Ag,Ag,47,0,1.93,0,1234.93,0,1.6,0,17.08,0,145,0,430,0,10490,0,11.3,0,5,0,11,0,7.5,spherical,Green synthesis ,0,Salmonella typhimurium ,0,1,Facultative anaerobe,Rod,Singles,24,37,15.6
281,,Ag,Ag,47,0,1.93,0,1234.93,0,1.6,0,17.08,0,145,0,430,0,10490,0,11.3,0,5,0,11,0,7.5,spherical,Green synthesis ,0,Salmonella sp.,0,1,Facultative anaerobe,Rod,Singles,24,37,7.8
282,,Ag,Ag,47,0,1.93,0,1234.93,0,1.6,0,17.08,0,145,0,430,0,10490,0,11.3,0,5,0,11,0,7.5,spherical,Green synthesis ,0,A. baumannii,0,0,Obligate aerobe,Coccobacillus,Singles,24,37,250
283,10.1038/s41598-020-64127-9,Ag,Ag,47,0,1.93,0,1234.93,0,1.6,0,17.08,0,145,0,430,0,10490,0,11.3,0,5,0,11,0,140.79,spherical,Green synthesis ,0,E. coli,0,1,Facultative anaerobe,Rod,Singles,20,37,125
284,,Ag,Ag,47,0,1.93,0,1234.93,0,1.6,0,17.08,0,145,0,430,0,10490,0,11.3,0,5,0,11,0,140.79,spherical,Green synthesis ,0,P. aeruginosa,0,1,Obligate aerobe,Rod,Singles,20,37,125
285,,Ag,Ag,47,0,1.93,0,1234.93,0,1.6,0,17.08,0,145,0,430,0,10490,0,11.3,0,5,0,11,0,140.79,spherical,Green synthesis ,0,S. aureus,1,0,Facultative anaerobe,Coccus,clusters,20,37,1500
286,10.1016/j.jbiotec.2021.11.003,Ag,Ag,47,0,1.93,0,1234.93,0,1.6,0,17.08,0,145,0,430,0,10490,0,11.3,0,5,0,11,0,9710,spherical,chemical synthesis,0,S. aureus,1,0,Facultative anaerobe,Coccus,clusters,20,37,15.62
287,,Ag,Ag,47,0,1.93,0,1234.93,0,1.6,0,17.08,0,145,0,430,0,10490,0,11.3,0,5,0,11,0,9710,spherical,chemical synthesis,0,P. aeruginosa,0,1,Obligate aerobe,Rod,Singles,20,37,7.81
288,10.1038/s41598-021-85584-,Ag,Ag,47,0,1.93,0,1234.93,0,1.6,0,17.08,0,145,0,430,0,10490,0,11.3,0,5,0,11,0,37.5,rod,biosynthesis,0,E. coli,0,1,Facultative anaerobe,Rod,Singles,24,37,0.39
289,,Ag,Ag,47,0,1.93,0,1234.93,0,1.6,0,17.08,0,145,0,430,0,10490,0,11.3,0,5,0,11,0,37.5,rod,biosynthesis,0,S. epidermidis,1,0,Facultative anaerobe,Coccus,clusters,24,37,0.19
290,http://dx.doi.org/10.1016/j.ijantimicag.2015.03.014,Au,Au,79,0,2.54,0,1337.33,0,1.35,0,16.95,0,136,0,320,0,19300,0,12.55,0,6,0,11,0,20,Polyhedral,biosynthesis,0,Mycobacterium tuberculosis,1,0,Obligate aerobe,Rod,Chains,24,37,1.725
291,,Au,Au,79,0,2.54,0,1337.33,0,1.35,0,16.95,0,136,0,320,0,19300,0,12.55,0,6,0,11,0,10,Aggregated,chemical synthesis,0,Mycobacterium tuberculosis,1,0,Obligate aerobe,Rod,Chains,24,37,1.725
292,,Au,Au,79,0,2.54,0,1337.33,0,1.35,0,16.95,0,136,0,320,0,19300,0,12.55,0,6,0,11,0,10,Spherical,biosynthesis,0,Mycobacterium tuberculosis,1,0,Obligate aerobe,Rod,Chains,24,37,2.56
293,,Au,Au,79,0,2.54,0,1337.33,0,1.35,0,16.95,0,136,0,320,0,19300,0,12.55,0,6,0,11,0,3,Spherical,chemical synthesis,0,Mycobacterium tuberculosis,1,0,Obligate aerobe,Rod,Chains,24,37,1.725
294,https://doi.org/10.1038/s41598-017-18590-6,Ag,Ag,47,0,1.93,0,1234.93,0,1.6,0,17.08,0,145,0,430,0,10490,0,11.3,0,5,0,11,0,45,spherical,chemical synthesis,0,S. aureus,1,0,Facultative anaerobe,Coccus,clusters,24,37,190
295,,Ag,Ag,47,0,1.93,0,1234.93,0,1.6,0,17.08,0,145,0,430,0,10490,0,11.3,0,5,0,11,0,45,spherical,chemical synthesis,0,B. subtilis,1,1,Facultative anaerobe,Rod,Chains,24,37,195
296,,Ag,Ag,47,0,1.93,0,1234.93,0,1.6,0,17.08,0,145,0,430,0,10490,0,11.3,0,5,0,11,0,45,spherical,chemical synthesis,0,P. aeruginosa,0,1,Obligate aerobe,Rod,Singles,24,37,188
297,,Ag,Ag,47,0,1.93,0,1234.93,0,1.6,0,17.08,0,145,0,430,0,10490,0,11.3,0,5,0,11,0,45,spherical,chemical synthesis,0,K. pneumoniae,0,0,Facultative anaerobe,Rod,Singles,24,37,184
298,,Ag,Ag,47,0,1.93,0,1234.93,0,1.6,0,17.08,0,145,0,430,0,10490,0,11.3,0,5,0,11,0,45,spherical,chemical synthesis,0,E. coli,0,1,Facultative anaerobe,Rod,Singles,24,37,190
299,,Ag,Ag,47,0,1.93,0,1234.93,0,1.6,0,17.08,0,145,0,430,0,10490,0,11.3,0,5,0,11,0,55,rod,chemical synthesis,0,S. aureus,1,0,Facultative anaerobe,Coccus,clusters,24,37,358
300,,Ag,Ag,47,0,1.93,0,1234.93,0,1.6,0,17.08,0,145,0,430,0,10490,0,11.3,0,5,0,11,0,55,rod,chemical synthesis,0,B. subtilis,1,1,Facultative anaerobe,Rod,Chains,24,37,350
301,,Ag,Ag,47,0,1.93,0,1234.93,0,1.6,0,17.08,0,145,0,430,0,10490,0,11.3,0,5,0,11,0,55,rod,chemical synthesis,0,P. aeruginosa,0,1,Obligate aerobe,Rod,Singles,24,37,348
302,,Ag,Ag,47,0,1.93,0,1234.93,0,1.6,0,17.08,0,145,0,430,0,10490,0,11.3,0,5,0,11,0,55,rod,chemical synthesis,0,K. pneumoniae,0,0,Facultative anaerobe,Rod,Singles,24,37,320
303,,Ag,Ag,47,0,1.93,0,1234.93,0,1.6,0,17.08,0,145,0,430,0,10490,0,11.3,0,5,0,11,0,55,rod,chemical synthesis,0,E. coli,0,1,Facultative anaerobe,Rod,Singles,24,37,340
304,https://doi.org/10.1111/jfd.14003,Cu,Cu,29,0,1.9,0,1357.77,0,1.35,0,11.83,0,132,0,400,0,8920,0,13.6,0,4,0,11,0,44.33,irregular,chemical synthesis,0,A. hydrophila,0,1,Facultative anaerobe,Rod,Singles,24,28,12500
305,10.1016/j.jdent.2020.103327,Ag,Ag,47,0,1.93,0,1234.93,0,1.6,0,17.08,0,145,0,430,0,10490,0,11.3,0,5,0,11,0,10.64,spherical,Green synthesis ,0,S. mutans,1,0,Facultative anaerobe,Coccus,Pairs,21,37,100
306,10.1007/s11274-019-2787-6,Ag,Ag,47,0,1.93,0,1234.93,0,1.6,0,17.08,0,145,0,430,0,10490,0,11.3,0,5,0,11,0,100,spherical,Green synthesis ,0,S. aureus,1,0,Facultative anaerobe,Coccus,clusters,24,37,32
307,,Ag,Ag,47,0,1.93,0,1234.93,0,1.6,0,17.08,0,145,0,430,0,10490,0,11.3,0,5,0,11,0,100,spherical,Green synthesis ,0,S. aureus,1,0,Facultative anaerobe,Coccus,clusters,24,37,32
308,,Ag,Ag,47,0,1.93,0,1234.93,0,1.6,0,17.08,0,145,0,430,0,10490,0,11.3,0,5,0,11,0,60,spherical,Green synthesis ,0,S. aureus,1,0,Facultative anaerobe,Coccus,clusters,24,37,128
309,https://doi.org/10.1038/s41598-019-50906-6,Ag,Ag,47,0,1.93,0,1234.93,0,1.6,0,17.08,0,145,0,430,0,10490,0,11.3,0,5,0,11,0,54,spherical,Green synthesis ,0,E. coli,0,1,Facultative anaerobe,Rod,Singles,2,37,80
310,,Ag,Ag,47,0,1.93,0,1234.93,0,1.6,0,17.08,0,145,0,430,0,10490,0,11.3,0,5,0,11,0,54,spherical,Green synthesis ,0,S. aureus,1,0,Facultative anaerobe,Coccus,clusters,2,37,80
311,https://doi.org/10.1038/s41598-019-42112-1,Ag,Ag,47,0,1.93,0,1234.93,0,1.6,0,17.08,0,145,0,430,0,10490,0,11.3,0,5,0,11,0,21,spherical,Green synthesis ,0,E. coli,0,1,Facultative anaerobe,Rod,Singles,24,37,8.12
312,,Ag,Ag,47,0,1.93,0,1234.93,0,1.6,0,17.08,0,145,0,430,0,10490,0,11.3,0,5,0,11,0,21,spherical,Green synthesis ,0,Helicobacter pylori,0,1,Facultative anaerobe,spiral,Singles,24,37,18.14
313,https://doi.org/10.1038/s41598-019-54025-0,TiOâ,TiO2,12.67,14,2.81,1.9,683.53,1886.2,0.87,0.8,12400.68,18574.56,97.33,94,7.35,21.97,1503.29,4505.57,4.86,13.93,2.67,2,12,12,50,spherical,chemical synthesis,,E. coli,0,1,Facultative anaerobe,Rod,Singles,24,37,2000
314,,TiOâ,TiO2,12.67,14,2.81,1.9,683.53,1886.2,0.87,0.8,12400.68,18574.56,97.33,94,7.35,21.97,1503.29,4505.57,4.86,13.93,2.67,2,12,12,50,spherical,chemical synthesis,,S. aureus,1,0,Facultative anaerobe,Coccus,clusters,24,37,3000
315,,TiOâ,TiO2,12.67,14,2.81,1.9,683.53,1886.2,0.87,0.8,12400.68,18574.56,97.33,94,7.35,21.97,1503.29,4505.57,4.86,13.93,2.67,2,12,12,50,spherical,chemical synthesis,,P. fluorescens,0,1,Obligate aerobe,Rod,Singles,24,37,2000
316,,TiOâ,TiO2,12.67,14,2.81,1.9,683.53,1886.2,0.87,0.8,12400.68,18574.56,97.33,94,7.35,21.97,1503.29,4505.57,4.86,13.93,2.67,2,12,12,50,spherical,chemical synthesis,,L. monocytogenes,1,0,Facultative anaerobe,Rod,Singles,24,37,3000
317,,ZnO,ZnO,19,22,2.54,1.79,373.74,637.88,0.98,0.75,9303.7,18576.99,94,56,60.01,119.97,3570.71,7138.57,3.64,6.85,3,2,14,4,50,spherical,chemical synthesis,,E. coli,0,1,Facultative anaerobe,Rod,Singles,24,37,2000
318,,ZnO,ZnO,19,22,2.54,1.79,373.74,637.88,0.98,0.75,9303.7,18576.99,94,56,60.01,119.97,3570.71,7138.57,3.64,6.85,3,2,14,4,50,spherical,chemical synthesis,,S. aureus,1,0,Facultative anaerobe,Coccus,clusters,24,37,3000
319,,ZnO,ZnO,19,22,2.54,1.79,373.74,637.88,0.98,0.75,9303.7,18576.99,94,56,60.01,119.97,3570.71,7138.57,3.64,6.85,3,2,14,4,50,spherical,chemical synthesis,,P. fluorescens,0,1,Obligate aerobe,Rod,Singles,24,37,1000
320,,ZnO,ZnO,19,22,2.54,1.79,373.74,637.88,0.98,0.75,9303.7,18576.99,94,56,60.01,119.97,3570.71,7138.57,3.64,6.85,3,2,14,4,50,spherical,chemical synthesis,,L. monocytogenes,1,0,Facultative anaerobe,Rod,Singles,24,37,2000
321,https://doi.org/10.1016/j.talanta.2019.120243,Carbon ,C,6,0,2.55,0,3823,0,0.7,0,8.83,0,76,0,140,0,2260,0,117.4,0,2,0,14,0,3.8,spherical,chemical synthesis,0,E. coli,0,1,Facultative anaerobe,Rod,Singles,24,37,192
322,,Carbon ,C,6,0,2.55,0,3823,0,0.7,0,8.83,0,76,0,140,0,2260,0,117.4,0,2,0,14,0,3.8,spherical,chemical synthesis,0,S. aureus,1,0,Facultative anaerobe,Coccus,clusters,24,37,384
323,,Carbon ,C,6,0,2.55,0,3823,0,0.7,0,8.83,0,76,0,140,0,2260,0,117.4,0,2,0,14,0,3.8,spherical,chemical synthesis,0,B. subtilis,1,1,Facultative anaerobe,Rod,Chains,24,37,768
324,https://doi.org/10.1007/s11274-017-2406-3,Ag,Ag,47,0,1.93,0,1234.93,0,1.6,0,17.08,0,145,0,430,0,10490,0,11.3,0,5,0,11,0,12.5,spherical,biosynthesis,0,E. coli,0,1,Facultative anaerobe,Rod,Singles,24,37,64
325,,Ag,Ag,47,0,1.93,0,1234.93,0,1.6,0,17.08,0,145,0,430,0,10490,0,11.3,0,5,0,11,0,12.5,spherical,biosynthesis,0,K. pneumoniae,0,0,Facultative anaerobe,Rod,Singles,24,37,256
326,,Ag,Ag,47,0,1.93,0,1234.93,0,1.6,0,17.08,0,145,0,430,0,10490,0,11.3,0,5,0,11,0,12.5,spherical,biosynthesis,0,P. aeruginosa,0,1,Obligate aerobe,Rod,Singles,24,37,16
327,,Ag,Ag,47,0,1.93,0,1234.93,0,1.6,0,17.08,0,145,0,430,0,10490,0,11.3,0,5,0,11,0,12.5,spherical,biosynthesis,0,S. aureus,1,0,Facultative anaerobe,Coccus,clusters,24,37,256
328,,Ag,Ag,47,0,1.93,0,1234.93,0,1.6,0,17.08,0,145,0,430,0,10490,0,11.3,0,5,0,11,0,12.5,spherical,biosynthesis,0,B. subtilis,1,1,Facultative anaerobe,Rod,Chains,24,37,64
329,https://doi.org/10.4274/tjps.52724,Cu,Cu,29,0,1.9,0,1357.77,0,1.35,0,11.83,0,132,0,400,0,8920,0,13.6,0,4,0,11,0,100,spherical,Green synthesis ,0,P. mirabilis,0,1,Facultative anaerobe,Rod,Singles,24,37,700
330,,Cu,Cu,29,0,1.9,0,1357.77,0,1.35,0,11.83,0,132,0,400,0,8920,0,13.6,0,4,0,11,0,100,spherical,Green synthesis ,0,Staphylococcus saprophyticus,1,0,Facultative anaerobe,Coccus,clusters,24,37,700
331,,Cu,Cu,29,0,1.9,0,1357.77,0,1.35,0,11.83,0,132,0,400,0,8920,0,13.6,0,4,0,11,0,100,spherical,Green synthesis ,0,S. pyogenes,1,0,Facultative anaerobe,Coccus,Chains,24,37,700
332,,Cu,Cu,29,0,1.9,0,1357.77,0,1.35,0,11.83,0,132,0,400,0,8920,0,13.6,0,4,0,11,0,100,spherical,Green synthesis ,0,P. aeruginosa,0,1,Obligate aerobe,Rod,Singles,24,37,700
333,https://doi.org/10.1039/c8tx00267c,ZnO,ZnO,19,22,2.54,1.79,373.74,637.88,0.98,0.75,9303.7,18576.99,94,56,60.01,119.97,3570.71,7138.57,3.64,6.85,3,2,14,4,33.5,spherical,Green synthesis ,0,E. coli,0,1,Facultative anaerobe,Rod,Singles,24,37,1000
334,,ZnO,ZnO,19,22,2.54,1.79,373.74,637.88,0.98,0.75,9303.7,18576.99,94,56,60.01,119.97,3570.71,7138.57,3.64,6.85,3,2,14,4,33.5,spherical,Green synthesis ,0,K. pneumoniae,0,0,Facultative anaerobe,Rod,Singles,24,37,500
335,,ZnO,ZnO,19,22,2.54,1.79,373.74,637.88,0.98,0.75,9303.7,18576.99,94,56,60.01,119.97,3570.71,7138.57,3.64,6.85,3,2,14,4,33.5,spherical,Green synthesis ,0,P. aeruginosa,0,1,Obligate aerobe,Rod,Singles,24,37,1000
336,,ZnO,ZnO,19,22,2.54,1.79,373.74,637.88,0.98,0.75,9303.7,18576.99,94,56,60.01,119.97,3570.71,7138.57,3.64,6.85,3,2,14,4,33.5,spherical,Green synthesis ,0,S. aureus,1,0,Facultative anaerobe,Coccus,clusters,24,37,1000
337,https://doi.org/10.1016/j.micpath.2024.106546,Au,Au,79,0,2.54,0,1337.33,0,1.35,0,16.95,0,136,0,320,0,19300,0,12.55,0,6,0,11,0,154.74,Polyhedral,Green synthesis ,0,S. aureus,1,0,Facultative anaerobe,Coccus,clusters,24,37,512
338,,Au,Au,79,0,2.54,0,1337.33,0,1.35,0,16.95,0,136,0,320,0,19300,0,12.55,0,6,0,11,0,154.74,Polyhedral,Green synthesis ,0,L. monocytogenes,1,0,Facultative anaerobe,Rod,Singles,24,37,1024
339,,Au,Au,79,0,2.54,0,1337.33,0,1.35,0,16.95,0,136,0,320,0,19300,0,12.55,0,6,0,11,0,154.74,Polyhedral,Green synthesis ,0,P. aeruginosa,0,1,Obligate aerobe,Rod,Singles,24,37,2048
340,,Au,Au,79,0,2.54,0,1337.33,0,1.35,0,16.95,0,136,0,320,0,19300,0,12.55,0,6,0,11,0,154.74,Polyhedral,Green synthesis ,0,K. pneumoniae,0,0,Facultative anaerobe,Rod,Singles,24,37,2048
341,https://doi.org/10.1038/s41598-024-62868-5,MgFeâOâ,MgFe2O4,13.71,18,2.68,2.13,680.6,1756.2,0.96,0.9,10630.8,18580.42,95.57,75,45.73,159.97,2498.82,7872.57,5.28,13.59,2.71,2,11.71,14,27.3,spherical,chemical synthesis,0,E. coli,0,1,Facultative anaerobe,Rod,Singles,24,37,1.25
342,,MgFeâOâ,MgFe2O4,13.71,18,2.68,2.13,680.6,1756.2,0.96,0.9,10630.8,18580.42,95.57,75,45.73,159.97,2498.82,7872.57,5.28,13.59,2.71,2,11.71,14,27.3,spherical,chemical synthesis,0,S. aureus,1,0,Facultative anaerobe,Coccus,clusters,24,37,2.5
